#,позиция,ед,кол-во,НМЦ за ед,закупка за ед,маржа за ед,маржа %,что нашли,совпадение,источник
1,"Костюм для защиты от механических воздействий (истираний), общих производственных загрязнений и нетоксичной пыли (мужской, цвет: черный)",комплект,1.0,3997.693333333333,,,,,,
2,"Костюм для защиты от механических воздействий (истираний), общих производственных загрязнений и нетоксичной пыли (мужской, цвет: камуфляж)",комплект,1.0,3625.415,,,,,,
3,"Костюм для защиты от искр и брызг расплавленного металла, металлической окалины 2-го класса защиты (мужской)",комплект,1.0,7421.670000000001,,,,,,
4,"Фартук для защиты от искр и брызг расплавленного металла, металлической окалины",шт,1.0,348.5,,,,,,
5,Костюм шахтерский (мужской),комплект,1.0,4852.833333333333,,,,,,
6,Костюм для защиты от термических рисков электрической дуги (мужской),комплект,1.0,12565.416666666666,899,11666.416666666666,92.8,"Подшлемник летний однослойный для защиты от электрической дуги ПШт 619, 12 кал/см² Минпромторг т.синий",0.4,СОЮЗСПЕЦОДЕЖДА
7,Белье специальное термостойкое ИЛИ Белье специальное хлопчатобумажное (мужское),комплект,1.0,3517.1666666666665,,,,,,
8,Костюм сигнальный повышенной видимости для защиты от механических воздействий (истирания) (женский),комплект,1.0,3733.75,,,,,,
9,Костюм сигнальный повышенной видимости для защиты от механических воздействий (истирания) (мужской),комплект,1.0,2432.5,,,,,,
10,Костюм для защиты от воды (мужской),комплект,1.0,1321.5,1698,-376.5,-28.5,"Костюм ""Спец"" зеленый",0.5,СОЮЗСПЕЦОДЕЖДА
11,Плащ для защиты от воды,шт,1.0,818.75,,,,,,
12,Жилет сигнальный повышенной видимости,шт,1.0,309.5833333333333,599,-289.4166666666667,-93.5,Жилет СПЕКТРОТЕК сигнальный на липучке оранжевый,0.5,СОЮЗСПЕЦОДЕЖДА
13,"Сапоги для защиты от механических воздействий: истирания, ударов в носочной части, проколов, порезов",пара,1.0,3012.3333333333335,,,,,,
14,"Ботинки для защиты от механических воздействий (истирания, ударов в носочной части, проколов, порезов)",пара,1.0,2150.766666666667,,,,,,
15,"Сапоги или ботинки для защиты для защиты от термических рисков электрической дуги и механических воздействий (истирания, ударов в носочной ч",пара,1.0,4895.783333333334,4999,-103.21666666666624,-2.1,Ботинки кожаные для защиты от термических рисков электрической дуги СпецпошивТермо БОТ.001 черные,0.45,СОЮЗСПЕЦОДЕЖДА
16,"Сапоги или ботинки для защиты от механических воздействий (истирания, ударов в носочной части, проколов, порезов), искр и брызг расплавленно",пара,1.0,3439.133333333333,,,,,,
17,Сапоги резиновые с антипрокольной стелькой,пара,1.0,1703.8333333333333,2448,-744.1666666666667,-43.7,Сапоги ПВХ Комфорт с металлическим подноском и металлической стелькой артикул ПС 15 МПС МИНПРОМТОРГ оливковый,0.5,СОЮЗСПЕЦОДЕЖДА
18,"Очки защитные от ультрафиолетового излучения, слепящей яркости от механических воздействий (грубодисперсных аэрозолей и пыли), в том числе с",шт,1.0,299.5,,,,,,
19,"Очки защитные от механических воздействий (грубодисперсных аэрозолей и пыли), в том числе с покрытием от запотевания",шт,1.0,753.6,,,,,,
20,Каска шахтерская (с креплением для головного светильника),шт,1.0,638.1,599,39.10000000000002,6.1,"Каска СОМЗ-55 HAMMER RAPID, шахтерская синяя арт. 77718",1.0,СОЮЗСПЕЦОДЕЖДА
21,Каска защитная от повышенных температур и от термических рисков электрической дуги,шт,1.0,1747.125,,,,,,
22,Каска защитная от повышенных температур,шт,1.0,1747.125,279,1468.125,84.0,Каска защитная Ай-Прайм Классик К-063 оранжевая,0.5,СОЮЗСПЕЦОДЕЖДА
23,Каскетка защитная от механических воздействий (оранжевая),шт,1.0,540.25,,,,,,
24,Подшлемник термостойкий,шт,1.0,602.8333333333334,899,-296.16666666666663,-49.1,"Подшлемник летний однослойный для защиты от электрической дуги ПШт 619, 12 кал/см² Минпромторг т.синий",0.5,СОЮЗСПЕЦОДЕЖДА
25,"Подшлемник для защиты от искр и брызг расплавленного металла, металлической окалины",шт,1.0,1399.5,,,,,,
26,Подшлемник для защиты от механических воздействий (истирания),шт,1.0,827.4,,,,,,
27,Кепка-бейсболка с регулировкой по объему головы,шт,1.0,427.3333333333333,,,,,,
28,"Полумаска-респиратор противоаэрозольная, с дополнительной защитой от паров и газов с фильтрующей лицевой частью",шт,1.0,66.69333333333333,,,,,,
29,"Полумаска-респиратор противоаэрозольная, с дополнительной защитой от паров и газов с фильтрующей лицевой частью с дополнительным угольным сл",шт,1.0,120.60000000000001,,,,,,
30,Щиток защитный лицевой с термостойкой окантовкой,шт,1.0,2952.15,,,,,,
31,Щиток защитный лицевой от брызг расплавленного металла и горячих частиц (с комплектующими),шт,1.0,2455.5,,,,,,
32,Противошумные наушники,шт,1.0,804.975,339,465.975,57.9,"Наушники противошумные СОМЗ-1 ЯГУАР, арт. 60100",1.0,СОЮЗСПЕЦОДЕЖДА
33,Вкладыши противошумные (одноразовые),пара,1.0,23.6,504,-480.4,-2035.6,"Наушники противошумные СОМЗ-5 ШТУРМ, арт. 60105",0.5,СОЮЗСПЕЦОДЕЖДА
34,Вкладыши противошумные со шнурком (многоразовые),пара,1.0,45.15,,,,,,
35,"Перчатки для защиты от механических воздействий (истирания, проколов) маслостойкие",пара,1.0,196.03333333333333,,,,,,
36,Перчатки для защиты от механических воздействий (истирания),пара,1.0,41.800000000000004,,,,,,
37,Перчатки резиновые хозяйственные,пара,1.0,65.81,99,-33.19,-50.4,Перчатки резиновые бытовые ЛОТОС _,0.67,СОЮЗСПЕЦОДЕЖДА
38,"Перчатки для защиты от искр и брызг расплавленного металла, металлической окалины",пара,1.0,505.6333333333334,,,,,,
39,Перчатки термостойкие,пара,1.0,764.6666666666666,,,,,,
40,Перчатки для защиты от вибрации,пара,1.0,1787.5,,,,,,
41,Нарукавники для защиты от воды и растворов нетоксичных веществ,пара,1.0,426.6166666666666,,,,,,
42,Костюм (комплект) для защиты от пониженных температур и ветра (куртка-полукомбинезон или куртка-брюки),комплект,1.0,6115.5,,,,,,
43,Костюм (комплект) для защиты от пониженных температур и ветра (куртка-полукомбинезон или куртка-брюки) (Цвет: черный),комплект,1.0,7372.25,,,,,,
44,"Костюм для защиты от механических воздействий (истираний), общих производственных загрязнений и нетоксичной пыли (женский)",комплект,1.0,5363.375,,,,,,
45,Куртка для защиты от пониженных температур и ветра (женская),шт,1.0,3993.4,,,,,,
46,"Костюм для защиты от искр и брызг расплавленного металла, металлической окалины 2-го класса защиты (мужской)",комплект,1.0,12110.0,,,,,,
47,"Сапоги утепленные со специальной для защитой от механических воздействий (истирания, ударов в носочной части, проколов, порезов) (для III кл",пара,1.0,3498.9166666666665,,,,,,
48,"Ботинки утепленные со специальной для защитой от механических воздействий (истирания, ударов в носочной части, проколов, порезов) (для III к",пара,1.0,2664.9166666666665,,,,,,
49,"Сапоги или ботинки утепленные для защиты для защиты от термических рисков электрической дуги и механических воздействий (истирания, ударов в",пара,1.0,6276.3,7197,-920.6999999999998,-14.7,Сапоги кожаные утепленные для защиты от термических рисков электрической дуги СпецпошивТермо САП.009.1 черные,0.55,СОЮЗСПЕЦОДЕЖДА
50,"Сапоги или ботинки мужские кожаные утепленные с защитным подноском для защиты от искр и брызг расплавленного металла, металлической окалины ",пара,1.0,3857.7,,,,,,
51,Подшлемник утепленный (с однослойным или трехслойным утеплителем) или Шапка трикотажная,шт,1.0,441.4166666666667,,,,,,
52,"Подшлемник утепленный для защиты от искр и брызг расплавленного металла, окалины",шт,1.0,2105.4,,,,,,
53,"Перчатки (краги) утепленные для защиты от повышенных температур, искр и брызг и расплавленного металла",пара,1.0,752.9499999999999,,,,,,
54,Перчатки с полимерным покрытием морозостойкие с утепляющими вкладышами или Перчатки с полимерным покрытием морозостойкие или Перчатки шерстя,пара,1.0,472.9166666666667,,,,,,
