#,contractor,phone,city,market,classes,role,email,letter_template,status
1,S F PAINTING & DECORATING,(650) 290 1953,SAN FRANCISCO,SF_BAY,C33,partner,НАЙТИ,ca_supply_partner,DRAFTED
2,TOP LINE ENGINEERS INC,(510) 304 7752,HAYWARD,SF_BAY,A|B|C-2|C33,buyer_GC+partner,lalo@toplineengineers.com,ca_supply_partner,SENT_2026-08-16
3,BRADFORD CO,(650) 291 6660,DALY CITY,SF_BAY,C33,partner,НАЙТИ,ca_supply_partner,DRAFTED
4,TWIN POST PAINTING,(510) 361 8924,SAN LEANDRO,SF_BAY,C33,partner,НАЙТИ,ca_supply_partner,DRAFTED
5,B & T PAINTING,(650) 867 5406,SAN MATEO,SF_BAY,C33,partner,НАЙТИ,ca_supply_partner,DRAFTED
6,JOHN HARDWOOD FLOOR SERVICE INC,(415) 994 2441,SAN FRANCISCO,SF_BAY,C15,partner,НАЙТИ,ca_supply_partner,DRAFTED
7,BUSK BROTHERS TILE,(510) 395 6869,OAKLAND,SF_BAY,C54,partner,НАЙТИ,ca_supply_partner,DRAFTED
8,GARIBAY HARDWOOD FLOORS,(510) 537 8821,HAYWARD,SF_BAY,C15,partner,НАЙТИ,ca_supply_partner,DRAFTED
9,FISHER DESIGN & BUILD INC,(415) 466 6200,SAN FRANCISCO,SF_BAY,B|C-9|C33,buyer_GC+partner,НАЙТИ,ca_supply_partner,DRAFTED
10,PICTURE PAINTING & DECORATING,(415) 518 9322,SAN FRANCISCO,SF_BAY,C33,partner,НАЙТИ,ca_supply_partner,DRAFTED
11,PREMIER TILE,(415) 286 4645,SAN FRANCISCO,SF_BAY,B|C54,buyer_GC+partner,НАЙТИ,ca_supply_partner,NO_EMAIL_PHONE_ONLY
12,K W PAINTING INC,(415) 846 2487,SAN FRANCISCO,SF_BAY,C33,partner,НАЙТИ,ca_supply_partner,DRAFTED
13,H B KITCHEN BATH INC,(510) 755 8868,HAYWARD,SF_BAY,B|C54,buyer_GC+partner,НАЙТИ,ca_supply_partner,DRAFTED
14,GONZALEZ PAINTING,(650) 787 0304,SAN MATEO,SF_BAY,C33,partner,НАЙТИ,ca_supply_partner,DRAFTED
15,R F CONTRACTORS,(510) 394 3300,OAKLAND,SF_BAY,B|C15,buyer_GC+partner,info@rfcontractors.com,ca_supply_partner,SENT_2026-08-16
16,GORGEOUS MARBLE AND TILE,(510) 915 0698,FREMONT,SF_BAY,C54,partner,НАЙТИ,ca_supply_partner,DRAFTED
17,REILLY HOME INTERIORS INC,(415) 238 9033,SAN FRANCISCO,SF_BAY,B-2|C15|C33|C54,partner,НАЙТИ,ca_supply_partner,DRAFTED
18,CUSTOM DREAMS TILE,(415) 312 3921,SAN FRANCISCO,SF_BAY,C54,partner,НАЙТИ,ca_supply_partner,DRAFTED
19,DAVID CHARLES BATZEL,(415) 672 7420,SAN FRANCISCO,SF_BAY,C15,partner,НАЙТИ,ca_supply_partner,DRAFTED
20,BLUE PUZZLE PAINTING INC,(415) 728 2407,SAN FRANCISCO,SF_BAY,C33,partner,НАЙТИ,ca_supply_partner,DRAFTED
21,FOCAS FLOORING INC,(925) 216 6275,LIVERMORE,SF_BAY,C15,partner,НАЙТИ,ca_supply_partner,DRAFTED
22,ALVA FLOORING INC,(925) 550 9826,OAKLAND,SF_BAY,C15,partner,НАЙТИ,ca_supply_partner,DRAFTED
23,SOLO TILE & STONE INC,(510) 397 6670,HAYWARD,SF_BAY,C54,partner,НАЙТИ,ca_supply_partner,DRAFTED
24,DIAMONDSTAR FLOOR POLISHER,(510) 314 9236,HAYWARD,SF_BAY,C15,partner,НАЙТИ,ca_supply_partner,DRAFTED
25,R QUALITY PAINTING INC,(510) 431 3053,UNION CITY,SF_BAY,C33,partner,НАЙТИ,ca_supply_partner,DRAFTED
26,THE ROCK TILE CONSTRUCTION,(650) 759 5180,HAYWARD,SF_BAY,C54,partner,НАЙТИ,ca_supply_partner,DRAFTED
27,INNOVATION PAINTING PLUS,(415) 696 6778,SAN MATEO,SF_BAY,B|C33,buyer_GC+partner,НАЙТИ,ca_supply_partner,NO_EMAIL_PHONE_ONLY
28,C P PAINTING,(415) 583 4672,SAN FRANCISCO,SF_BAY,C33,partner,НАЙТИ,ca_supply_partner,DRAFTED
29,FIDELITY FLOORING INC,(510) 290 4706,NEWARK,SF_BAY,C15,partner,НАЙТИ,ca_supply_partner,DRAFTED
30,CUSTOM POOLS MAINTENANCE / REPAIRS,(408) 674 8412,SAN FRANCISCO,SF_BAY,C54|D35,partner,НАЙТИ,ca_supply_partner,DRAFTED
31,SHAUN GASPER,(650) 464 2497,HALF MOON BAY,SF_BAY,C15,partner,НАЙТИ,ca_supply_partner,DRAFTED
32,J C FLOORING,(510) 557 5589,HAYWARD,SF_BAY,C15,partner,НАЙТИ,ca_supply_partner,DRAFTED
33,AVILES FLOORING,(510) 593 3027,SAN LEANDRO,SF_BAY,C15,partner,НАЙТИ,ca_supply_partner,DRAFTED
34,STONE EMPIRE FABRICATION,(510) 878 1076,SAN LEANDRO,SF_BAY,C-6|C54,partner,НАЙТИ,ca_supply_partner,DRAFTED
35,VELOCITY CONSTRUCTION SERVICES INC,(510) 657 6432,FREMONT,SF_BAY,A|B|C-9|C10|C33,buyer_GC+partner,info@velocitycsinc.com,ca_supply_partner,SENT_2026-08-16
36,R GONZALEZ PAINTING CO,(510) 847 4267,OAKLAND,SF_BAY,C33,partner,НАЙТИ,ca_supply_partner,DRAFTED
37,STONEMAN FABRICATIONS 2 INC,(650) 630 1883,SAN MATEO,SF_BAY,C54,partner,НАЙТИ,ca_supply_partner,DRAFTED
38,BAY TILE AND STONE INC,(415) 706 3346,SAN FRANCISCO,SF_BAY,C54,partner,НАЙТИ,ca_supply_partner,DRAFTED
39,SUPERIOR FINISHES,(408) 614 3273,MILLBRAE,SF_BAY,C33,partner,НАЙТИ,ca_supply_partner,DRAFTED
40,CLEAN FINISH PAINTING,(650) 207 7656,SAN CARLOS,SF_BAY,C33,partner,НАЙТИ,ca_supply_partner,DRAFTED
41,ALEX KUSHNER GENERAL INC,(415) 756 0945,SAN FRANCISCO,SF_BAY,A|B|C33,buyer_GC+partner,НАЙТИ,ca_supply_partner,DRAFTED
42,DCE PAINTING INC,(415) 683 9635,SAN FRANCISCO,SF_BAY,C33,partner,НАЙТИ,ca_supply_partner,DRAFTED
43,R A CUSTOM SIDING,(510) 967 1012,CASTRO VALLEY,SF_BAY,B|C33|D41,buyer_GC+partner,НАЙТИ,ca_supply_partner,DRAFTED
44,ARTISAN WOOD FLOORS INC,(650) 576 3421,SAN LEANDRO,SF_BAY,C15,partner,НАЙТИ,ca_supply_partner,DRAFTED
45,WEST CO STUCCO,(510) 773 5875,OAKLAND,SF_BAY,B|C35,buyer_GC+partner,НАЙТИ,ca_supply_partner,NO_EMAIL_PHONE_ONLY
46,WEST CAL PLASTERING,(209) 321 8099,HAYWARD,SF_BAY,B|C35,buyer_GC+partner,НАЙТИ,ca_supply_partner,NO_EMAIL_PHONE_ONLY
47,I PAINTING INC,(650) 919 3936,REDWOOD CITY,SF_BAY,C33,partner,НАЙТИ,ca_supply_partner,DRAFTED
48,MENLO FLOORING,(650) 384 6326,MENLO PARK,SF_BAY,C15,partner,НАЙТИ,ca_supply_partner,DRAFTED
49,FLAMINGO'S FLOORING,(510) 895 5400,SAN LEANDRO,SF_BAY,C15,partner,НАЙТИ,ca_supply_partner,DRAFTED
50,CHARLES LEONARD DECORATIVE FINISHES PAINTING,(510) 541 1616,EMERYVILLE,SF_BAY,C33,partner,НАЙТИ,ca_supply_partner,DRAFTED
51,ANTONIO ANGUIANO PAINTING,(415) 412 1289,SAN FRANCISCO,SF_BAY,C33,partner,НАЙТИ,ca_supply_partner,DRAFTED
52,BRAVOS'S FLOORING INC,(415) 741 7536,SAN FRANCISCO,SF_BAY,C15,partner,НАЙТИ,ca_supply_partner,DRAFTED
53,GNC BUILDWELL CONSTRUCTION INC,(510) 828 2299,DUBLIN,SF_BAY,A|B|C10|C27|C33|C36,buyer_GC+partner,НАЙТИ,ca_supply_partner,DRAFTED
54,ACCU PAINTING COMPANY INC,(209) 799 3113,SAN FRANCISCO,SF_BAY,C33,partner,НАЙТИ,ca_supply_partner,DRAFTED
55,FRESH START PAINTING SF INC,(415) 347 7689,SAN FRANCISCO,SF_BAY,C33|D39,partner,НАЙТИ,ca_supply_partner,DRAFTED
56,E J HOMES PAINTING INC,(650) 679 4953,REDWOOD CITY,SF_BAY,C33,partner,НАЙТИ,ca_supply_partner,DRAFTED
57,GOLDEN CITY REMODELING INC,(855) 431 4812,REDWOOD CITY,SF_BAY,B|C33|C36|C39|D64,buyer_GC+partner,НАЙТИ,ca_supply_partner,DRAFTED
58,LARRY VIGIL CUSTOM HARDWOOD FLOORS,(510) 856 6134,SAN LORENZO,SF_BAY,C15,partner,НАЙТИ,ca_supply_partner,DRAFTED
59,A M S PROPER FLOORS INC,(510) 825 1587,HAYWARD,SF_BAY,C15,partner,НАЙТИ,ca_supply_partner,DRAFTED
60,CLEAR POINT HARDWOOD FLOOR,(510) 278 3185,SAN LEANDRO,SF_BAY,C15,partner,НАЙТИ,ca_supply_partner,DRAFTED
61,DURABLE PAINTING LLC,(510) 651 4733,FREMONT,SF_BAY,C33,partner,НАЙТИ,ca_supply_partner,DRAFTED
62,U S GRANITE II,(510) 300 8980,HAYWARD,SF_BAY,C54,partner,НАЙТИ,ca_supply_partner,DRAFTED
63,JOSEPH NGUYEN,(415) 770 1128,SAN FRANCISCO,SF_BAY,C15,partner,НАЙТИ,ca_supply_partner,DRAFTED
64,GOOD QUALITY PAINTING,(510) 940 5383,HAYWARD,SF_BAY,C33,partner,НАЙТИ,ca_supply_partner,DRAFTED
65,PENINSULA CONSTRUCTION COMPANY INC,(415) 596 2624,SAN CARLOS,SF_BAY,B|C10|C33,buyer_GC+partner,НАЙТИ,ca_supply_partner,DRAFTED
66,MYCO CUSTOM PAINTING,(510) 500 5135,BERKELEY,SF_BAY,C33,partner,НАЙТИ,ca_supply_partner,DRAFTED
67,LUXOR FLOORS INC,(650) 393 5886,BURLINGAME,SF_BAY,C15,partner,НАЙТИ,ca_supply_partner,DRAFTED
68,BETOS TILE AND STONE,(510) 461 2754,HAYWARD,SF_BAY,C54,partner,НАЙТИ,ca_supply_partner,DRAFTED
69,PAINTERNET INC,(415) 401 5600,OAKLAND,SF_BAY,C33,partner,НАЙТИ,ca_supply_partner,DRAFTED
70,THE DIAZ PAINTING,(650) 458 1195,SAN MATEO,SF_BAY,C33,partner,НАЙТИ,ca_supply_partner,DRAFTED
71,CREW COLOR PAINTING INC,(510) 846 7751,OAKLAND,SF_BAY,C33,partner,НАЙТИ,ca_supply_partner,DRAFTED
72,GAR-CAL CORPORATION,(925) 523 3682,LIVERMORE,SF_BAY,B|C33|C39|C54|D12|D28,buyer_GC+partner,НАЙТИ,ca_supply_partner,DRAFTED
73,GLADNEY PAINTING,(510) 807 5982,SAN LEANDRO,SF_BAY,C33,partner,НАЙТИ,ca_supply_partner,DRAFTED
74,C & C PAINTING,(415) 279 6845,DALY CITY,SF_BAY,C33,partner,НАЙТИ,ca_supply_partner,DRAFTED
75,ACT PROFESSIONAL PAINTING AND DECORATING,(510) 435 9955,LIVERMORE,SF_BAY,C33,partner,НАЙТИ,ca_supply_partner,DRAFTED
76,FINEST PRECISION SETTERS INC,(510) 904 2399,HAYWARD,SF_BAY,B|C54|D12,buyer_GC+partner,НАЙТИ,ca_supply_partner,DRAFTED
77,SERGIO'S PAINTING,(510) 352 1149,SAN LEANDRO,SF_BAY,C33,partner,НАЙТИ,ca_supply_partner,DRAFTED
78,JOHN DALY BUILDERS,(413) 205 5178,DALY CITY,SF_BAY,B|C35,buyer_GC+partner,НАЙТИ,ca_supply_partner,DRAFTED
79,ARANA BAY AREA PAINTING INC,(650) 532 4879,BURLINGAME,SF_BAY,C33,partner,НАЙТИ,ca_supply_partner,DRAFTED
80,MELWOOD FLOORING INC,(650) 430 5821,REDWOOD CITY,SF_BAY,C15,partner,НАЙТИ,ca_supply_partner,DRAFTED
81,PENINSULA FLOORING,(650) 269 9566,BELMONT,SF_BAY,C15,partner,НАЙТИ,ca_supply_partner,DRAFTED
82,SUNSET HARDWOOD FLOORS,(650) 343 1182,PACIFICA,SF_BAY,C15,partner,НАЙТИ,ca_supply_partner,DRAFTED
83,J O BUILDER,(650) 481 5739,REDWOOD CITY,SF_BAY,B|C33,buyer_GC+partner,НАЙТИ,ca_supply_partner,DRAFTED
84,ERA TILE & STONE,(925) 548 8696,LIVERMORE,SF_BAY,C54,partner,НАЙТИ,ca_supply_partner,DRAFTED
85,KEYSTONE HOME IMPROVEMENTS INC,(510) 846 4021,OAKLAND,SF_BAY,B|C15,buyer_GC+partner,НАЙТИ,ca_supply_partner,DRAFTED
86,P R I-PREMIERE ROOFING INC,(925) 453 6240,LIVERMORE,SF_BAY,C33|C39|C43,partner,НАЙТИ,ca_supply_partner,DRAFTED
87,FACTORY DIRECT FLOOR,(510) 895 5133,SAN LEANDRO,SF_BAY,C15,partner,НАЙТИ,ca_supply_partner,DRAFTED
88,ROSS PAINT SERVICES,(650) 274 3478,REDWOOD CITY,SF_BAY,C33,partner,НАЙТИ,ca_supply_partner,DRAFTED
89,POMIAN TILES,(650) 245 7985,SAN MATEO,SF_BAY,C54,partner,НАЙТИ,ca_supply_partner,DRAFTED
90,CARVAJAL PAINTING,(650) 518 3089,REDWOOD CITY,SF_BAY,C33,partner,НАЙТИ,ca_supply_partner,DRAFTED
91,PRIDE ROOFING,(415) 876 9613,SAN FRANCISCO,SF_BAY,B|C33|C39,buyer_GC+partner,НАЙТИ,ca_supply_partner,DRAFTED
92,SIMON PAINTING COMPANY INC,(415) 574 1504,SAN FRANCISCO,SF_BAY,C33,partner,НАЙТИ,ca_supply_partner,DRAFTED
93,BOLD RESTORATION INC,(510) 315 7056,SAN LEANDRO,SF_BAY,B|C-2|C33|D39,buyer_GC+partner,НАЙТИ,ca_supply_partner,DRAFTED
94,JF PAINTING AND CONSTRUCTION INC,(415) 563 3031,SAN FRANCISCO,SF_BAY,B|C33,buyer_GC+partner,НАЙТИ,ca_supply_partner,DRAFTED
95,AL'S CARPET,(650) 201 5405,SOUTH SAN FRANCISCO,SF_BAY,C15,partner,НАЙТИ,ca_supply_partner,DRAFTED
96,DIFFERENT CONCEPTS PAINTING,(415) 740 8373,SAN FRANCISCO,SF_BAY,C33,partner,НАЙТИ,ca_supply_partner,DRAFTED
97,GIANCARLO PONGIGLIONE,(415) 282 2161,SAN FRANCISCO,SF_BAY,C33,partner,НАЙТИ,ca_supply_partner,DRAFTED
98,COASTSIDE PAINTING AND DECORATING,(415) 307 6914,SAN FRANCISCO,SF_BAY,C33,partner,НАЙТИ,ca_supply_partner,DRAFTED
99,KB'S PAINTING,(510) 418 4874,OAKLAND,SF_BAY,C33,partner,НАЙТИ,ca_supply_partner,DRAFTED
100,ANCGC INC A NEW CONCEPT GENERAL CONSTRUCTION,(415) 613 4521,SAN FRANCISCO,SF_BAY,B|C33,buyer_GC+partner,НАЙТИ,ca_supply_partner,DRAFTED
101,CREATIVE TILE MASTER INC,(510) 305 3163,HAYWARD,SF_BAY,C54,partner,НАЙТИ,ca_supply_partner,DRAFTED
102,U S TILE & GRANITE,(510) 541 0502,HAYWARD,SF_BAY,C54,partner,НАЙТИ,ca_supply_partner,DRAFTED
103,LET'S ROLL PAINT AND DESIGN,(415) 678 6052,SAN FRANCISCO,SF_BAY,C33,partner,НАЙТИ,ca_supply_partner,DRAFTED
104,GOLDEN BAY FLOORS INC,(415) 661 1571,SAN FRANCISCO,SF_BAY,C15,partner,НАЙТИ,ca_supply_partner,DRAFTED
105,TON HARDWOOD FLOORS INC,(925) 215 6341,LIVERMORE,SF_BAY,C15,partner,НАЙТИ,ca_supply_partner,DRAFTED
106,HRB INC DBA LITTLE RED TRUCK PAINTING,(415) 385 1828,HAYWARD,SF_BAY,C33,partner,НАЙТИ,ca_supply_partner,DRAFTED
107,"BIG M PAINTING, INC",(415) 579 7093,HAYWARD,SF_BAY,C33,partner,НАЙТИ,ca_supply_partner,DRAFTED
108,JULIE A STONEHOUSE,(510) 207 2721,ALAMEDA,SF_BAY,C33,partner,НАЙТИ,ca_supply_partner,DRAFTED
109,LUXURIOUS STONE SLABS,(510) 706 2319,HAYWARD,SF_BAY,C54,partner,НАЙТИ,ca_supply_partner,DRAFTED
110,BAY AREA WATERPROOFING INC,(408) 854 1038,FREMONT,SF_BAY,C33,partner,НАЙТИ,ca_supply_partner,DRAFTED
111,DERRICK LAWLOR PAINTING,(415) 699 7439,DALY CITY,SF_BAY,C33,partner,НАЙТИ,ca_supply_partner,DRAFTED
112,FEREGRINO ELECTRIC,(415) 635 8161,SAN FRANCISCO,SF_BAY,C10|C33,partner,НАЙТИ,ca_supply_partner,DRAFTED
113,MARTIN'S PAINTING,(650) 218 6290,MENLO PARK,SF_BAY,C33,partner,НАЙТИ,ca_supply_partner,DRAFTED
114,GLOBAL PAINTING LLC,(650) 868 7223,HAYWARD,SF_BAY,C33,partner,НАЙТИ,ca_supply_partner,DRAFTED
115,EL REY PAINTING,(415) 678 9260,SAN FRANCISCO,SF_BAY,C33,partner,НАЙТИ,ca_supply_partner,DRAFTED
116,PENINSULA HARDWOOD FLOORS INC,(650) 409 2200,SAN CARLOS,SF_BAY,C15,partner,НАЙТИ,ca_supply_partner,DRAFTED
117,J&R CONSTRUCTION AND PAINTING INC,(415) 661 8392,SAN FRANCISCO,SF_BAY,B|C33,buyer_GC+partner,НАЙТИ,ca_supply_partner,DRAFTED
118,SOSA DESIGNS TILE & MARBLE INC,(510) 881 6224,SAN LEANDRO,SF_BAY,C54,partner,НАЙТИ,ca_supply_partner,DRAFTED
119,NUMBER ONE HARDWOOD FLOORS INC,(510) 220 2683,ALAMEDA,SF_BAY,C15,partner,НАЙТИ,ca_supply_partner,DRAFTED
120,INTEGRITY PAINT AND DESIGN,(510) 410 9805,OAKLAND,SF_BAY,B|B-2|C33,buyer_GC+partner,НАЙТИ,ca_supply_partner,DRAFTED
121,EAGLE STONE LLC,(650) 921 7748,SAN CARLOS,SF_BAY,C54,partner,НАЙТИ,ca_supply_partner,DRAFTED
122,MARK LEAL PAINTING COMPANY,(510) 612 1800,SAN LEANDRO,SF_BAY,C33,partner,НАЙТИ,ca_supply_partner,DRAFTED
123,ALEXANDER ERNESTO NAVARRO,(415) 312 8505,REDWOOD CITY,SF_BAY,C33,partner,НАЙТИ,ca_supply_partner,DRAFTED
124,POINTVERTEX CONSTRUCTION,(510) 859 7448,OAKLAND,SF_BAY,B|C33,buyer_GC+partner,НАЙТИ,ca_supply_partner,DRAFTED
125,SALEM TILE,(415) 760 7202,SAN FRANCISCO,SF_BAY,C54,partner,НАЙТИ,ca_supply_partner,DRAFTED
126,MEDINA MARBLE AND GRANITE,(510) 682 4469,HAYWARD,SF_BAY,C54,partner,НАЙТИ,ca_supply_partner,DRAFTED
127,J G P PAINTING,(510) 394 7917,OAKLAND,SF_BAY,C33,partner,НАЙТИ,ca_supply_partner,DRAFTED
128,LDT TILE INC,(650) 766 3758,SAN BRUNO,SF_BAY,C54,partner,НАЙТИ,ca_supply_partner,DRAFTED
129,F R H HARDWOOD FLOORS INC,(408) 590 0607,SAN LORENZO,SF_BAY,C15,partner,НАЙТИ,ca_supply_partner,DRAFTED
130,M R TILE,(650) 544 4270,REDWOOD CITY,SF_BAY,C54,partner,НАЙТИ,ca_supply_partner,DRAFTED
131,RUILOM FLOORING INC,(510) 449 9223,FREMONT,SF_BAY,C15,partner,НАЙТИ,ca_supply_partner,DRAFTED
132,MALLON CONSTRUCTION,(415) 225 4650,SAN FRANCISCO,SF_BAY,B|C33,buyer_GC+partner,НАЙТИ,ca_supply_partner,DRAFTED
133,DICKSON PLASTERING INC,(415) 336 8304,SAN FRANCISCO,SF_BAY,C35,partner,НАЙТИ,ca_supply_partner,DRAFTED
134,ARISTA PAINTING,(408) 903 5802,OAKLAND,SF_BAY,C33,partner,НАЙТИ,ca_supply_partner,DRAFTED
135,361 CONSTRUCTION INC,(415) 881 8787,OAKLAND,SF_BAY,B|C10|C15,buyer_GC+partner,НАЙТИ,ca_supply_partner,DRAFTED
136,DE LUNA FLOOR COVERING,(510) 467 7309,OAKLAND,SF_BAY,C15,partner,НАЙТИ,ca_supply_partner,DRAFTED
137,ROYAL PAINTING AND DECORATION,(510) 540 6578,BERKELEY,SF_BAY,C33,partner,НАЙТИ,ca_supply_partner,DRAFTED
138,LEGACY PAINTING CONTRACTORS INC,(925) 484 4843,PLEASANTON,SF_BAY,C33,partner,НАЙТИ,ca_supply_partner,DRAFTED
139,RICK PAINTING,(415) 846 5632,DALY CITY,SF_BAY,C33,partner,НАЙТИ,ca_supply_partner,DRAFTED
140,RAISING FLOORS,(650) 922 5851,SAN MATEO,SF_BAY,C15,partner,НАЙТИ,ca_supply_partner,DRAFTED
141,FRESH START PAINTING CO,(650) 222 5329,MILLBRAE,SF_BAY,C33,partner,НАЙТИ,ca_supply_partner,DRAFTED
142,INDIGO PAINTING,(510) 927 5857,SAN FRANCISCO,SF_BAY,C33,partner,НАЙТИ,ca_supply_partner,DRAFTED
143,PERFECTION HARDWOOD FLOORS INC,(415) 867 6562,SAN FRANCISCO,SF_BAY,C15,partner,НАЙТИ,ca_supply_partner,DRAFTED
144,RIVAS FLOORING INSTALLATIONS,(650) 642 4215,SAN MATEO,SF_BAY,C15,partner,НАЙТИ,ca_supply_partner,DRAFTED
145,ENRIQUEZ FLOOR COVERING,(510) 359 6843,SAN LORENZO,SF_BAY,C15,partner,НАЙТИ,ca_supply_partner,DRAFTED
146,LEGACY PAINTING,(415) 994 1100,SAN FRANCISCO,SF_BAY,C33,partner,НАЙТИ,ca_supply_partner,DRAFTED
147,PRECISION PAINTING,(510) 387 5240,ALAMEDA,SF_BAY,C33,partner,НАЙТИ,ca_supply_partner,DRAFTED
148,BOBA PAINTING,(510) 735 5050,OAKLAND,SF_BAY,C33,partner,НАЙТИ,ca_supply_partner,DRAFTED
149,ROJAS PAINTING,(510) 914 0410,PLEASANTON,SF_BAY,C33,partner,НАЙТИ,ca_supply_partner,DRAFTED
150,Z V PROFESSIONAL PAINTING & DECORATING INC,(510) 862 4822,HAYWARD,SF_BAY,C33,partner,НАЙТИ,ca_supply_partner,DRAFTED
151,EXPERT TILE,(510) 258 5205,HAYWARD,SF_BAY,C54,partner,НАЙТИ,ca_supply_partner,DRAFTED
152,RODNEY RAMOS,(650) 898 4499,REDWOOD CITY,SF_BAY,C15,partner,НАЙТИ,ca_supply_partner,DRAFTED
153,I T TILE AND GROUT MASTER,(415) 846 3817,SAN FRANCISCO,SF_BAY,B|C54,buyer_GC+partner,НАЙТИ,ca_supply_partner,DRAFTED
154,LC PAINTING INC,(415) 750 1990,SAN FRANCISCO,SF_BAY,C33,partner,НАЙТИ,ca_supply_partner,DRAFTED
155,ELEGANT CUSTOM PAINTING INC,(510) 677 1537,HAYWARD,SF_BAY,C33,partner,НАЙТИ,ca_supply_partner,DRAFTED
156,METICULOUS PAINTING,(415) 699 3478,BURLINGAME,SF_BAY,C33,partner,НАЙТИ,ca_supply_partner,DRAFTED
157,ADRR TILES COMPANY INC,(510) 585 7498,NEWARK,SF_BAY,C54,partner,НАЙТИ,ca_supply_partner,DRAFTED
158,J B PLASTERING,(650) 270 6431,SAN MATEO,SF_BAY,C35,partner,НАЙТИ,ca_supply_partner,DRAFTED
159,RAYCO PAINTING & CONSTRUCTION INC,(888) 320 7566,CASTRO VALLEY,SF_BAY,B|C33,buyer_GC+partner,НАЙТИ,ca_supply_partner,DRAFTED
160,PENINSULA PLUS PAINTING,(650) 445 5082,SAN LORENZO,SF_BAY,C33,partner,НАЙТИ,ca_supply_partner,DRAFTED
161,COC PAINTING,(650) 679 0162,REDWOOD CITY,SF_BAY,C33,partner,НАЙТИ,ca_supply_partner,DRAFTED
162,QUALITY HARDWOOD FLOORS,(650) 347 9241,SAN MATEO,SF_BAY,C15,partner,НАЙТИ,ca_supply_partner,DRAFTED
163,FLAWLESS PAINTING,(650) 307 2168,DALY CITY,SF_BAY,C33,partner,НАЙТИ,ca_supply_partner,DRAFTED
164,TRU PAINTING,(925) 209 4627,PLEASANTON,SF_BAY,C33,partner,НАЙТИ,ca_supply_partner,DRAFTED
165,CUNHA'S CUSTOM PAINTING INC,(510) 352 2245,SAN LEANDRO,SF_BAY,C33,partner,НАЙТИ,ca_supply_partner,DRAFTED
166,IMPRESSIVE HARDWOOD FLOORS INC,(434) 710 3904,SAN MATEO,SF_BAY,C15,partner,НАЙТИ,ca_supply_partner,DRAFTED
167,MARBLE AND GRANITE SERVICES,(650) 716 9038,REDWOOD CITY,SF_BAY,C54,partner,НАЙТИ,ca_supply_partner,DRAFTED
168,TOM'S PAINTERS INC,(415) 307 5664,SAN FRANCISCO,SF_BAY,C33,partner,НАЙТИ,ca_supply_partner,DRAFTED
169,SHIRLEY PAINTING,(650) 906 5011,SAN FRANCISCO,SF_BAY,C33,partner,НАЙТИ,ca_supply_partner,DRAFTED
170,EXQUISITE HARDWOOD FLOORS INC,(650) 431 5071,SAN MATEO,SF_BAY,C15,partner,НАЙТИ,ca_supply_partner,DRAFTED
171,THE HANDY FRENCHMAN LLC DBA THE FRENCH PAINTER,(415) 513 7624,BERKELEY,SF_BAY,B|C-5|C33,buyer_GC+partner,НАЙТИ,ca_supply_partner,DRAFTED
172,PEREZ ARTISAN PLASTERING INC,(415) 515 2436,SAN FRANCISCO,SF_BAY,C33|C35,partner,НАЙТИ,ca_supply_partner,DRAFTED
173,HAYWARD PRO PAINTING,(510) 434 6623,HAYWARD,SF_BAY,C33|D41,partner,НАЙТИ,ca_supply_partner,DRAFTED
174,MASTER LATH AND PLASTERING INC,(510) 706 7637,HAYWARD,SF_BAY,C35,partner,НАЙТИ,ca_supply_partner,DRAFTED
175,DETAIL DRYWALL & STUCCO INC,(415) 810 4902,HAYWARD,SF_BAY,B|C-9|C35|C36,buyer_GC+partner,НАЙТИ,ca_supply_partner,DRAFTED
176,GASTELUM LATH AND PLASTERING INC,(510) 467 2648,OAKLAND,SF_BAY,C35,partner,НАЙТИ,ca_supply_partner,DRAFTED
177,N P M PAINTING INC,(650) 504 9282,REDWOOD CITY,SF_BAY,C33,partner,НАЙТИ,ca_supply_partner,DRAFTED
178,BAY ONE CONSTRUCTION & REMODELING,(510) 303 3680,HAYWARD,SF_BAY,B|C33,buyer_GC+partner,НАЙТИ,ca_supply_partner,DRAFTED
179,REDLOG FLOORING SERVICES CORPORATION,(415) 300 0593,SAN FRANCISCO,SF_BAY,B|C15|C33|C54,buyer_GC+partner,НАЙТИ,ca_supply_partner,DRAFTED
180,JOE PERRI TILE,(510) 582 9938,CASTRO VALLEY,SF_BAY,C54,partner,НАЙТИ,ca_supply_partner,DRAFTED
181,ABSOLUTE FLOORING,(650) 726 8141,HALF MOON BAY,SF_BAY,B-2|C15|C54,partner,НАЙТИ,ca_supply_partner,DRAFTED
182,BLACK GALAXY TILE & MARBLE,(510) 604 6862,OAKLAND,SF_BAY,C54,partner,НАЙТИ,ca_supply_partner,DRAFTED
183,HANSAN FLOORING,(408) 223 8822,SAN FRANCISCO,SF_BAY,C15,partner,НАЙТИ,ca_supply_partner,DRAFTED
184,COASTAL TILE & CONSTRUCTION INC,(415) 845 7262,SAN FRANCISCO,SF_BAY,B|C54,buyer_GC+partner,НАЙТИ,ca_supply_partner,DRAFTED
185,EUROPEAN PAINTING AND DECORATING,(510) 357 8556,SAN LEANDRO,SF_BAY,C33,partner,НАЙТИ,ca_supply_partner,DRAFTED
186,GARVEY PAINTING,(415) 410 5280,MOSS BEACH,SF_BAY,C33,partner,НАЙТИ,ca_supply_partner,DRAFTED
187,L SIMCOE CUSTOM PAINTING,(510) 326 0920,PIEDMONT,SF_BAY,C33,partner,НАЙТИ,ca_supply_partner,DRAFTED
188,J L G TILE,(650) 385 9830,MOSS BEACH,SF_BAY,C54,partner,НАЙТИ,ca_supply_partner,DRAFTED
189,NERY TILE & STONE INC,(650) 771 5018,REDWOOD CITY,SF_BAY,C54,partner,НАЙТИ,ca_supply_partner,DRAFTED
190,STEPHENSON COATINGS,(650) 455 2529,EMERALD HILLS,SF_BAY,C33,partner,НАЙТИ,ca_supply_partner,DRAFTED
191,ART-CAL PAINTING INC,(650) 465 7370,REDWOOD CITY,SF_BAY,C33,partner,НАЙТИ,ca_supply_partner,DRAFTED
192,Z GOR CONSTRUCTION INC,(650) 773 8929,SAN MATEO,SF_BAY,B|C54,buyer_GC+partner,НАЙТИ,ca_supply_partner,DRAFTED
193,PK PLASTERING INC,(415) 760 1618,SAN FRANCISCO,SF_BAY,C35,partner,НАЙТИ,ca_supply_partner,DRAFTED
194,PEARL PAINTING INC,(415) 571 8229,SAN FRANCISCO,SF_BAY,C33,partner,НАЙТИ,ca_supply_partner,DRAFTED
195,JC PRO PAINTING INC,(510) 415 6527,OAKLAND,SF_BAY,C33,partner,НАЙТИ,ca_supply_partner,DRAFTED
196,J J PAINTING & DECORATING,(510) 938 6402,SAN LORENZO,SF_BAY,C33,partner,НАЙТИ,ca_supply_partner,DRAFTED
197,JOEY ROSE PAINTING STUDIO,(530) 306 4364,EMERYVILLE,SF_BAY,C33,partner,НАЙТИ,ca_supply_partner,DRAFTED
198,GDA COMMERCIAL INC,(650) 849 8639,SAN CARLOS,SF_BAY,C15,partner,НАЙТИ,ca_supply_partner,DRAFTED
199,NEXT LEVEL PAINTING,(925) 639 5855,OAKLAND,SF_BAY,C33,partner,НАЙТИ,ca_supply_partner,DRAFTED
200,CUTTING EDGE PAINTING LLC,(510) 410 8185,OAKLAND,SF_BAY,C33,partner,НАЙТИ,ca_supply_partner,DRAFTED
201,MARCELINO PLASTERING,(415) 699 4762,DALY CITY,SF_BAY,C35,partner,НАЙТИ,ca_supply_partner,DRAFTED
202,RAY'S STRAIGHT LINE PAINTING INC,(510) 472 5454,HAYWARD,SF_BAY,C33,partner,НАЙТИ,ca_supply_partner,DRAFTED
203,SOUTHSIDE PAINTING AND WALL COVERING,(415) 730 2656,SAN FRANCISCO,SF_BAY,C33,partner,НАЙТИ,ca_supply_partner,DRAFTED
204,BAY AREA PAINTING & DECORATING,(415) 619 1230,SAN FRANCISCO,SF_BAY,C33,partner,НАЙТИ,ca_supply_partner,DRAFTED
205,LOYOLA'S PAINTING,(650) 713 8965,SOUTH SAN FRANCISCO,SF_BAY,C33,partner,НАЙТИ,ca_supply_partner,DRAFTED
206,OJ TILE AND GRANITE INC,(650) 226 3645,REDWOOD CITY,SF_BAY,C54,partner,НАЙТИ,ca_supply_partner,DRAFTED
207,PENINSULA CUSTOM FLOORS,(650) 861 2606,BELMONT,SF_BAY,C15,partner,НАЙТИ,ca_supply_partner,DRAFTED
208,EMUNAH,(510) 384 6269,OAKLAND,SF_BAY,C33,partner,НАЙТИ,ca_supply_partner,DRAFTED
209,PROACTIVE MARBLE & GRANITE,(925) 339 4107,LIVERMORE,SF_BAY,C54,partner,НАЙТИ,ca_supply_partner,DRAFTED
210,SAN PATRICIO PAINTING  INC.,(415) 559 1481,SAN CARLOS,SF_BAY,B|C33,buyer_GC+partner,НАЙТИ,ca_supply_partner,DRAFTED
211,PENAGOS PAINTING,(650) 281 9013,SAN MATEO,SF_BAY,C33,partner,НАЙТИ,ca_supply_partner,DRAFTED
212,DANIELS FLOOR REFINISHING,(510) 493 0161,FREMONT,SF_BAY,C15,partner,НАЙТИ,ca_supply_partner,DRAFTED
213,RAMIREZ PAINTING,(415) 637 4879,SAN LEANDRO,SF_BAY,C33,partner,НАЙТИ,ca_supply_partner,DRAFTED
214,POLO'S PAINTING,(925) 998 3825,SAN MATEO,SF_BAY,C33,partner,НАЙТИ,ca_supply_partner,DRAFTED
215,G M PAINTING,(510) 992 9814,ALAMEDA,SF_BAY,C33,partner,НАЙТИ,ca_supply_partner,DRAFTED
216,ALCATRAZ BUILDERS INC,(510) 422 8275,HAYWARD,SF_BAY,B|C33,buyer_GC+partner,НАЙТИ,ca_supply_partner,DRAFTED
217,OPTIMUS R/M INC,(650) 207 0596,REDWOOD CITY,SF_BAY,B-2|C33,partner,НАЙТИ,ca_supply_partner,DRAFTED
218,CARMEL KABASH GENERAL CONSTRUCTION AND PAINTING CONTRACTOR,(415) 368 8963,BRISBANE,SF_BAY,B|C33,buyer_GC+partner,НАЙТИ,ca_supply_partner,DRAFTED
219,MONTOYA TILE,(408) 661 7519,SAN LEANDRO,SF_BAY,C54,partner,НАЙТИ,ca_supply_partner,DRAFTED
220,TILE AND TROWEL,(650) 630 8570,SAN MATEO,SF_BAY,C54,partner,НАЙТИ,ca_supply_partner,DRAFTED
221,RDK HARDWOOD FLOORING,(510) 376 5542,HAYWARD,SF_BAY,C15,partner,НАЙТИ,ca_supply_partner,DRAFTED
222,PRECISION TILE,(415) 300 0536,SAN LEANDRO,SF_BAY,C54,partner,НАЙТИ,ca_supply_partner,DRAFTED
223,BRIGHTSTAR PAINTING,(510) 457 5495,OAKLAND,SF_BAY,C33,partner,НАЙТИ,ca_supply_partner,DRAFTED
224,PLATINUM FINISH PAINTING,(415) 425 6541,SAN FRANCISCO,SF_BAY,C33,partner,НАЙТИ,ca_supply_partner,DRAFTED
225,HMH CUSTOM PAINTING INC,(510) 461 1069,HAYWARD,SF_BAY,C33,partner,НАЙТИ,ca_supply_partner,DRAFTED
226,HIGH QUALITY ROOFING CO,(415) 990 8920,SAN FRANCISCO,SF_BAY,C15|C39,partner,НАЙТИ,ca_supply_partner,DRAFTED
227,C G H PAINTING INC,(650) 223 4798,SO SAN FRANCISCO,SF_BAY,C33,partner,НАЙТИ,ca_supply_partner,DRAFTED
228,CITY PAINTWORX,(510) 830 7973,OAKLAND,SF_BAY,C33,partner,НАЙТИ,ca_supply_partner,DRAFTED
229,SLATER CUSTOM PAINTING LLC,(415) 424 9282,SAN FRANCISCO,SF_BAY,C33,partner,НАЙТИ,ca_supply_partner,DRAFTED
230,JAKOB'S FLOOR COVERING,(925) 738 8836,LIVERMORE,SF_BAY,C15,partner,НАЙТИ,ca_supply_partner,DRAFTED
231,DASILVA PAINTING INC,(415) 410 8305,DALY CITY,SF_BAY,C33,partner,НАЙТИ,ca_supply_partner,DRAFTED
232,DILLEY CONSTRUCTION INC,(650) 270 8174,REDWOOD CITY,SF_BAY,B|C33,buyer_GC+partner,НАЙТИ,ca_supply_partner,DRAFTED
233,SUNLIGHT PAINTING INC,(510) 375 4558,ALBANY,SF_BAY,C33,partner,НАЙТИ,ca_supply_partner,DRAFTED
234,RELIABLE STONE AND TILE FABRICATOR,(510) 299 7305,HAYWARD,SF_BAY,C54,partner,НАЙТИ,ca_supply_partner,DRAFTED
235,MING HARDWOOD FLOOR,(510) 882 8948,OAKLAND,SF_BAY,C15,partner,НАЙТИ,ca_supply_partner,DRAFTED
236,GALVAN PLASTERING AND STUCCO INC,(650) 716 6530,HAYWARD,SF_BAY,C35|D39,partner,НАЙТИ,ca_supply_partner,DRAFTED
237,KOKOPELLI TILE,(415) 336 7160,SOUTH SAN FRANCISCO,SF_BAY,C54,partner,НАЙТИ,ca_supply_partner,DRAFTED
238,ENDURE PAINTING INC,(510) 458 2120,SAN LEANDRO,SF_BAY,C33,partner,НАЙТИ,ca_supply_partner,DRAFTED
239,J L FINE FINISHING,(650) 465 3290,MENLO PARK,SF_BAY,C33,partner,НАЙТИ,ca_supply_partner,DRAFTED
240,CA TILE SERVICES LLC,(510) 688 3271,HAYWARD,SF_BAY,C15|C54,partner,НАЙТИ,ca_supply_partner,DRAFTED
241,EXCELSIOR PAINTING P V,(650) 207 4849,SAN FRANCISCO,SF_BAY,C33,partner,НАЙТИ,ca_supply_partner,DRAFTED
242,UFC PAINTING,(415) 573 6157,DALY CITY,SF_BAY,B|C33,buyer_GC+partner,НАЙТИ,ca_supply_partner,DRAFTED
243,PENA PAINTING INC,(650) 716 6096,REDWOOD CITY,SF_BAY,C33,partner,НАЙТИ,ca_supply_partner,DRAFTED
244,F M T PAINTING,(510) 395 4368,OAKLAND,SF_BAY,C33,partner,НАЙТИ,ca_supply_partner,DRAFTED
245,R & S MARBLE & GRANITE INC,(925) 667 4833,LIVERMORE,SF_BAY,C54,partner,НАЙТИ,ca_supply_partner,DRAFTED
246,TORRES PLASTERING,(650) 773 1495,FOSTER CITY,SF_BAY,C35,partner,НАЙТИ,ca_supply_partner,DRAFTED
247,M AND G FACTORY INC DBA BEST MARBLE,(510) 614 0155,SAN LEANDRO,SF_BAY,C54,partner,НАЙТИ,ca_supply_partner,DRAFTED
248,NEW CENTURY MARBLE & GRANITE,(510) 347 1818,SAN LEANDRO,SF_BAY,B|C54,buyer_GC+partner,НАЙТИ,ca_supply_partner,DRAFTED
249,FIRST COAT PRO PAINTING,(415) 845 1599,SAN FRANCISCO,SF_BAY,C33,partner,НАЙТИ,ca_supply_partner,DRAFTED
250,PONDOS PAINTING CO,(415) 215 6142,SOUTH SAN FRANCISCO,SF_BAY,C33,partner,НАЙТИ,ca_supply_partner,DRAFTED
251,WILLIAMS PROFESSIONAL PAINTING,(510) 677 2676,OAKLAND,SF_BAY,C33,partner,НАЙТИ,ca_supply_partner,DRAFTED
252,FLEX PRO PAINTING INC,(510) 706 3271,HAYWARD,SF_BAY,C33,partner,НАЙТИ,ca_supply_partner,DRAFTED
253,HOWARDS PAINTING,(650) 339 0611,REDWOOD CITY,SF_BAY,C33,partner,НАЙТИ,ca_supply_partner,DRAFTED
254,KINSTAN CONSTRUCTION INC,(415) 971 7457,SAN FRANCISCO,SF_BAY,B|C33,buyer_GC+partner,НАЙТИ,ca_supply_partner,DRAFTED
255,ONWARD PAINTING,(510) 467 9150,SAN LEANDRO,SF_BAY,C33,partner,НАЙТИ,ca_supply_partner,DRAFTED
256,SEAN DALY PAINTING INC,(415) 240 6208,SAN FRANCISCO,SF_BAY,C33,partner,НАЙТИ,ca_supply_partner,DRAFTED
257,YODA PAINTING INC,(415) 375 1611,HAYWARD,SF_BAY,C33,partner,НАЙТИ,ca_supply_partner,DRAFTED
258,M & M HARDWOOD FLOORS INC,(650) 834 4933,MENLO PARK,SF_BAY,C15,partner,НАЙТИ,ca_supply_partner,DRAFTED
259,DREAM 80 FLOORING INC,(925) 818 8329,OAKLAND,SF_BAY,C15,partner,НАЙТИ,ca_supply_partner,DRAFTED
260,DRYWALL S F,(415) 684 5867,SAN FRANCISCO,SF_BAY,C-9|C33,partner,НАЙТИ,ca_supply_partner,DRAFTED
261,SUAREZ PAINTING INC,(650) 771 4953,REDWOOD CITY,SF_BAY,C33,partner,НАЙТИ,ca_supply_partner,DRAFTED
262,MOKASTILE INC,(510) 427 1091,OAKLAND,SF_BAY,C54,partner,НАЙТИ,ca_supply_partner,DRAFTED
263,GEM HOME IMPROVEMENTS INC,(510) 424 1772,CASTRO VALLEY,SF_BAY,B|C15,buyer_GC+partner,НАЙТИ,ca_supply_partner,DRAFTED
264,URBAN FLOORING CONTRACTORS INC,(510) 593 7335,HAYWARD,SF_BAY,C15,partner,НАЙТИ,ca_supply_partner,DRAFTED
265,DELUXE PAINTING & DECORATING INC,(415) 694 1463,SAN FRANCISCO,SF_BAY,C33,partner,НАЙТИ,ca_supply_partner,DRAFTED
266,RMC PAINTING & DECORATING INC,(510) 570 7083,OAKLAND,SF_BAY,C33,partner,НАЙТИ,ca_supply_partner,DRAFTED
267,JAEWOOK JUNG,(510) 999 2090,FREMONT,SF_BAY,C33,partner,НАЙТИ,ca_supply_partner,DRAFTED
268,BEARKING PAINTING,(415) 524 5133,SAN FRANCISCO,SF_BAY,C33,partner,НАЙТИ,ca_supply_partner,DRAFTED
269,NEW MARBLE GROUP INC,(415) 550 8288,SAN FRANCISCO,SF_BAY,B|C54,buyer_GC+partner,НАЙТИ,ca_supply_partner,DRAFTED
270,FAS PAINTING,(415) 948 0945,DALY CITY,SF_BAY,C33,partner,НАЙТИ,ca_supply_partner,DRAFTED
271,BROTHER PAINTING & DECORATING INC,(510) 409 4168,OAKLAND,SF_BAY,C33,partner,НАЙТИ,ca_supply_partner,DRAFTED
272,ETHEREAL PAINTING,(510) 689 7928,OAKLAND,SF_BAY,C33,partner,НАЙТИ,ca_supply_partner,DRAFTED
273,CHAND THE PAINTER,(650) 784 5749,PACIFICA,SF_BAY,C33,partner,НАЙТИ,ca_supply_partner,DRAFTED
274,MTP CONSTRUCTION AND PAINTING,(510) 449 9439,SAN LORENZO,SF_BAY,B|C33,buyer_GC+partner,НАЙТИ,ca_supply_partner,DRAFTED
275,CABRERA'S PAINTING,(415) 319 5636,PACIFICA,SF_BAY,C33,partner,НАЙТИ,ca_supply_partner,DRAFTED
276,MAGUIRE PRO PAINTING LLC,(415) 579 5787,PACIFICA,SF_BAY,C33,partner,НАЙТИ,ca_supply_partner,DRAFTED
277,HOME IMPROVEMENT PAINTING,(510) 299 8884,FREMONT,SF_BAY,C33,partner,НАЙТИ,ca_supply_partner,DRAFTED
278,DIAMOND GENERAL INC,(510) 719 9073,HAYWARD,SF_BAY,C-9|C33|C35,partner,НАЙТИ,ca_supply_partner,DRAFTED
279,RAGADAN PAINTING COMPANY,(415) 724 4450,OAKLAND,SF_BAY,C33,partner,НАЙТИ,ca_supply_partner,DRAFTED
280,THOMAS RUNOLFSSON,(510) 228 6558,OAKLAND,SF_BAY,C33,partner,НАЙТИ,ca_supply_partner,DRAFTED
281,SPEEDY STONE TILE INC,(510) 290 9986,SAN LEANDRO,SF_BAY,C54,partner,НАЙТИ,ca_supply_partner,DRAFTED
282,R W C PROFESSIONAL PAINTING INC,(650) 921 5139,REDWOOD CITY,SF_BAY,C33,partner,НАЙТИ,ca_supply_partner,DRAFTED
283,FAUSTINO RIVAS,(650) 921 2293,HAYWARD,SF_BAY,C15,partner,НАЙТИ,ca_supply_partner,DRAFTED
284,RED MACHINE FLOORING,(650) 250 6366,DALY CITY,SF_BAY,C15,partner,НАЙТИ,ca_supply_partner,DRAFTED
285,CALEDONIA PLASTERING & STUCCO INC,(415) 685 9910,SAN FRANCISCO,SF_BAY,C35,partner,НАЙТИ,ca_supply_partner,DRAFTED
286,J GOMEZ PAINTING,(415) 424 9265,SAN FRANCISCO,SF_BAY,C33,partner,НАЙТИ,ca_supply_partner,DRAFTED
287,510 PAINTING & DECORATING,(510) 292 5093,OAKLAND,SF_BAY,C33|D29,partner,НАЙТИ,ca_supply_partner,DRAFTED
288,CAP PAINTING,(650) 642 7278,SAN CARLOS,SF_BAY,C33,partner,НАЙТИ,ca_supply_partner,DRAFTED
289,MLC PAINTING,(650) 274 2861,SOUTH SAN FRANCISCO,SF_BAY,C33,partner,НАЙТИ,ca_supply_partner,DRAFTED
290,PALM CONSTRUCTION,(415) 630 3330,SAN LORENZO,SF_BAY,B|C29|C33,buyer_GC+partner,НАЙТИ,ca_supply_partner,DRAFTED
291,SAMAYOA'S PAINTING,(650) 218 5663,HAYWARD,SF_BAY,C33,partner,НАЙТИ,ca_supply_partner,DRAFTED
292,KNOCKOUT PAINTING,(415) 410 4695,SAN FRANCISCO,SF_BAY,C33,partner,НАЙТИ,ca_supply_partner,DRAFTED
293,CHUNG-CHI KANG,(510) 220 1558,DUBLIN,SF_BAY,B|C54,buyer_GC+partner,НАЙТИ,ca_supply_partner,DRAFTED
294,LUXE PAINTING SF,(415) 710 7214,SAN FRANCISCO,SF_BAY,C33,partner,НАЙТИ,ca_supply_partner,DRAFTED
295,ROSAS FLOORING CO,(510) 342 4261,OAKLAND,SF_BAY,C15,partner,НАЙТИ,ca_supply_partner,DRAFTED
296,FRENCHPARK FLOORING AND MAINTENANCE LLC DBA FRENCHPARK FLOORS,(415) 816 4477,CASTRO VALLEY,SF_BAY,B|C15,buyer_GC+partner,НАЙТИ,ca_supply_partner,DRAFTED
297,BVR PAINTING INC,(415) 240 6551,COLMA,SF_BAY,C33,partner,НАЙТИ,ca_supply_partner,DRAFTED
298,L M CARPETS,(650) 464 8086,BURLINGAME,SF_BAY,C15,partner,НАЙТИ,ca_supply_partner,DRAFTED
299,SPECIAL MARBLE & GRANITE,(510) 600 7350,HAYWARD,SF_BAY,C54,partner,НАЙТИ,ca_supply_partner,DRAFTED
300,CITY FLOORING REPAIR,(415) 580 8396,SAN FRANCISCO,SF_BAY,C15,partner,НАЙТИ,ca_supply_partner,DRAFTED
301,BEST UNITED TOP PAINTING INC,(213) 220 6605,TUJUNGA,LA,C33,partner,НАЙТИ,ca_supply_partner,DRAFTED
302,MARTIN SHEET METAL,(818) 573 3021,PACOIMA,LA,C33|C43,partner,НАЙТИ,ca_supply_partner,DRAFTED
303,VICENTE ESPARZA PAINTING,(661) 305 7393,LANCASTER,LA,C33,partner,НАЙТИ,ca_supply_partner,DRAFTED
304,CHANG SOO KO,(213) 559 7169,LOS ANGELES,LA,C33,partner,НАЙТИ,ca_supply_partner,DRAFTED
305,ARCHIBASE CONSTRUCTION INC,(714) 213 6345,WEST COVINA,LA,B|C33,buyer_GC+partner,НАЙТИ,ca_supply_partner,DRAFTED
306,LEYDEN COMPANY INC,(323) 544 7454,LOS ANGELES,LA,C-9|C33,partner,НАЙТИ,ca_supply_partner,DRAFTED
307,JOHNSON BROTHERS TILE,(818) 810 8260,TUJUNGA,LA,C54,partner,НАЙТИ,ca_supply_partner,DRAFTED
308,EXPERT TILE & GRANITE INC,(323) 633 9783,LOS ANGELES,LA,C54,partner,НАЙТИ,ca_supply_partner,DRAFTED
309,DELA PAINTING CORP,(818) 314 8537,ENCINO,LA,C33,partner,НАЙТИ,ca_supply_partner,DRAFTED
310,R C QUALITY PAINTING,(713) 202 8432,LA PUENTE,LA,C33,partner,НАЙТИ,ca_supply_partner,DRAFTED
311,ACCORD T M INCORPORATED,(818) 517 6612,STEVENSON RANCH,LA,C33,partner,НАЙТИ,ca_supply_partner,DRAFTED
312,J G I INC,(562) 522 2517,WHITTIER,LA,B|C33,buyer_GC+partner,НАЙТИ,ca_supply_partner,DRAFTED
313,APOLLO PAINTING & WALLCOVERING,(310) 672 3080,INGLEWOOD,LA,B|C33,buyer_GC+partner,НАЙТИ,ca_supply_partner,DRAFTED
314,FLOORING PRO INC,(818) 330 1581,VAN NUYS,LA,C15|C54,partner,НАЙТИ,ca_supply_partner,DRAFTED
315,B C J FLOORING & DESIGN INC,(818) 425 6720,WINNETKA,LA,C15,partner,НАЙТИ,ca_supply_partner,DRAFTED
316,EXTREME PLASTERING INC,(818) 482 8228,GRANADA HILLS,LA,C35,partner,НАЙТИ,ca_supply_partner,DRAFTED
317,D T OPTIMUM DEVELOPMENT,(626) 586 7560,ROSEMEAD,LA,B|C33,buyer_GC+partner,НАЙТИ,ca_supply_partner,DRAFTED
318,GUEVARA'S PAINTING INC,(818) 738 0355,LOS ANGELES,LA,C33,partner,НАЙТИ,ca_supply_partner,DRAFTED
319,NOVA CONTRACTORS INC,(818) 888 9175,TARZANA,LA,C15|C33,partner,НАЙТИ,ca_supply_partner,DRAFTED
320,GOLD COAST PAINTING,(213) 215 0454,LOS ANGELES,LA,C33,partner,НАЙТИ,ca_supply_partner,DRAFTED
321,CALIFORNIA SUNSCREEN SYSTEMS,(818) 642 5319,CALABASAS,LA,B|C17|C33,buyer_GC+partner,НАЙТИ,ca_supply_partner,DRAFTED
322,VICSINC.COM,(818) 822 9285,MISSION HILLS,LA,ASB|B|C15,buyer_GC+partner,НАЙТИ,ca_supply_partner,DRAFTED
323,O C GRACE PAINTING,(714) 797 6149,PORTER RANCH,LA,C33,partner,НАЙТИ,ca_supply_partner,DRAFTED
324,CARDENAS FLOOR COVERING INC,(323) 270 5020,LOS ANGELES,LA,C15,partner,НАЙТИ,ca_supply_partner,DRAFTED
325,3M PAINTING SERVICES,(310) 430 5046,LOS ANGELES,LA,C33,partner,НАЙТИ,ca_supply_partner,DRAFTED
326,CRUZ PAINTING,(626) 644 9499,LA PUENTE,LA,C33,partner,НАЙТИ,ca_supply_partner,DRAFTED
327,"SOUND-CRETE FIREPROOFING, INC.",(408) 813 6666,MONROVIA,LA,C-8|C35,partner,НАЙТИ,ca_supply_partner,DRAFTED
328,OSCAR ABURTO PAINTING,(818) 618 3285,SYLMAR,LA,C33,partner,НАЙТИ,ca_supply_partner,DRAFTED
329,MASTER CRAFTERS INC,(626) 644 4880,NORTH HOLLYWOOD,LA,C33,partner,НАЙТИ,ca_supply_partner,DRAFTED
330,ENRIQUE BUSTAMANTE,(626) 695 7634,WEST COVINA,LA,C33,partner,НАЙТИ,ca_supply_partner,DRAFTED
331,BRUSHES AND TALENT PAINTING,(424) 533 3199,SAN PEDRO,LA,C33,partner,НАЙТИ,ca_supply_partner,DRAFTED
332,INTERNATIONAL FLOORING INC,(310) 859 0044,LOS ANGELES,LA,C15,partner,НАЙТИ,ca_supply_partner,DRAFTED
333,CELL - CRETE FIREPROOFING OF NEVADA INC,(626) 357 3500,MONROVIA,LA,C-8|C35,partner,НАЙТИ,ca_supply_partner,DRAFTED
334,HECTOR MARTIN MARQUEZ SR DBA M3 QUALITY FLOORING,(323) 683 2268,LOS ANGELES,LA,C15,partner,НАЙТИ,ca_supply_partner,DRAFTED
335,ODYSSEY MARBLE & GRANITE,(818) 406 2565,ARLETA,LA,C54,partner,НАЙТИ,ca_supply_partner,DRAFTED
336,ERIN LEIGH PAINTS & TEXTURES,(213) 550 7098,LOS ANGELES,LA,C33,partner,НАЙТИ,ca_supply_partner,DRAFTED
337,WILMER'S PAINTING,(323) 706 1428,LOS ANGELES,LA,C33,partner,НАЙТИ,ca_supply_partner,DRAFTED
338,PEDRO LEONARDO DIAZ,(310) 721 8363,COMPTON,LA,C54,partner,НАЙТИ,ca_supply_partner,DRAFTED
339,HIGH TECH PAINTING & CONSTRUCTION INC,(562) 653 9819,HAWAIIAN GARDENS,LA,B|C33,buyer_GC+partner,НАЙТИ,ca_supply_partner,DRAFTED
340,RETROFIT 1,(844) 473 8761,TARZANA,LA,B|C33|C36,buyer_GC+partner,НАЙТИ,ca_supply_partner,DRAFTED
341,RENOVO STONE INC,(424) 230 3020,LOS ANGELES,LA,B|C54,buyer_GC+partner,НАЙТИ,ca_supply_partner,DRAFTED
342,MORENOS PAINT,(562) 338 2625,LAKEWOOD,LA,C33,partner,НАЙТИ,ca_supply_partner,DRAFTED
343,I R H PAINTING,(818) 770 0791,PACOIMA,LA,C33,partner,НАЙТИ,ca_supply_partner,DRAFTED
344,SUNWOOD DESIGN INC,(626) 616 6541,COVINA,LA,B|C15,buyer_GC+partner,НАЙТИ,ca_supply_partner,DRAFTED
345,RIVERA QUALITY PLASTERING,(209) 595 1202,GLENDORA,LA,C35,partner,НАЙТИ,ca_supply_partner,DRAFTED
346,NEW WEST HARDWOOD FLOORS INC,(323) 937 3884,CULVER CITY,LA,C15,partner,НАЙТИ,ca_supply_partner,DRAFTED
347,CESAR'S PAINTING INC,(626) 264 2140,EL MONTE,LA,C33,partner,НАЙТИ,ca_supply_partner,DRAFTED
348,SEGURA PAINTING INC,(818) 448 1244,CANOGA PARK,LA,C33,partner,НАЙТИ,ca_supply_partner,DRAFTED
349,SPECTRUM FACILITY MAINTENANCE,(424) 285 6143,TORRANCE,LA,C12|C27|C33|D38,partner,НАЙТИ,ca_supply_partner,DRAFTED
350,SILVER ARROWS PAINT RESTORATION,(415) 728 7720,HACIENDA HEIGHTS,LA,B|C33,buyer_GC+partner,НАЙТИ,ca_supply_partner,DRAFTED
351,PACIFIC STAR PAINTING,(323) 494 4703,LOS ANGELES,LA,C33,partner,НАЙТИ,ca_supply_partner,DRAFTED
352,INNOVATIVE PAINTING & WATERPROOFING LLC,(714) 257 0200,SANTA FE SPRINGS,LA,A|B|C33|C35|C39,buyer_GC+partner,НАЙТИ,ca_supply_partner,DRAFTED
353,MDQ TILE INC,(949) 354 8999,TORRANCE,LA,C54,partner,НАЙТИ,ca_supply_partner,DRAFTED
354,ELEMENT PAINTING AND DECOR,(562) 416 6854,DOWNEY,LA,C33,partner,НАЙТИ,ca_supply_partner,DRAFTED
355,G K PAINTING,(818) 938 3453,NORTH HILLS,LA,C33,partner,НАЙТИ,ca_supply_partner,DRAFTED
356,D A C O F E,(310) 365 0558,INGLEWOOD,LA,C15,partner,НАЙТИ,ca_supply_partner,DRAFTED
357,MORALES PLASTERING,(310) 962 0907,GARDENA,LA,C35,partner,НАЙТИ,ca_supply_partner,DRAFTED
358,KWANGHO CHOI,(213) 925 8402,LOS ANGELES,LA,C33,partner,НАЙТИ,ca_supply_partner,DRAFTED
359,VERTEX TILE,(818) 809 9995,VAN NUYS,LA,C54,partner,НАЙТИ,ca_supply_partner,DRAFTED
360,JAMES PHILLIPS,(310) 902 1669,MARINA DEL REY,LA,B|C15,buyer_GC+partner,НАЙТИ,ca_supply_partner,DRAFTED
361,ANTARES PAINTING INC,(323) 559 8874,LOS ANGELES,LA,C33,partner,НАЙТИ,ca_supply_partner,DRAFTED
362,BOBBY GLOVER,(310) 926 6872,CERRITOS,LA,C15,partner,НАЙТИ,ca_supply_partner,DRAFTED
363,GLAMOUR FLOORING INC,(818) 963 0878,WOODLAND HILLS,LA,C15,partner,НАЙТИ,ca_supply_partner,DRAFTED
364,CAPITAL DECK & STAIR WATERPROOFING,(888) 508 2966,STUDIO CITY,LA,B|C33,buyer_GC+partner,НАЙТИ,ca_supply_partner,DRAFTED
365,MICHAEL CHONG,(213) 703 8400,LOS ANGELES,LA,C33,partner,НАЙТИ,ca_supply_partner,DRAFTED
366,SOCAL SANDBLASTING,(562) 283 3535,LONG BEACH,LA,C33|D38,partner,НАЙТИ,ca_supply_partner,DRAFTED
367,CALIFORNIA HARDWOOD FLOOR SERVICES,(909) 591 7968,POMONA,LA,C15,partner,НАЙТИ,ca_supply_partner,DRAFTED
368,MOLINA PREMIUM PAINTING,(323) 629 6170,BELL,LA,C33,partner,НАЙТИ,ca_supply_partner,DRAFTED
369,TOP QUALITY FLOORING,(818) 403 4280,ARLETA,LA,C15,partner,НАЙТИ,ca_supply_partner,DRAFTED
370,RCL QUALITY PAINTING INC,(424) 224 3052,COMPTON,LA,C33,partner,НАЙТИ,ca_supply_partner,DRAFTED
371,RAINBOW CARPET,(562) 483 1192,CERRITOS,LA,C15,partner,НАЙТИ,ca_supply_partner,DRAFTED
372,CREATIVE CUSTOM PAINTING INC,(818) 749 7770,SUNLAND,LA,C33,partner,НАЙТИ,ca_supply_partner,DRAFTED
373,PRECISION FLOORING AND INSTALLATION,(818) 300 7048,NORTHRIDGE,LA,C15,partner,НАЙТИ,ca_supply_partner,DRAFTED
374,GALLERI PAINTING INC,(661) 257 9728,VALENCIA,LA,C33,partner,НАЙТИ,ca_supply_partner,DRAFTED
375,POMONA TILE STONE,(909) 623 3584,POMONA,LA,C54,partner,НАЙТИ,ca_supply_partner,DRAFTED
376,JOSE RODRIGUEZ,(562) 318 4129,WHITTIER,LA,C35,partner,НАЙТИ,ca_supply_partner,DRAFTED
377,PEGASUS FLOOR COVERINGS,(661) 609 9863,LANCASTER,LA,C15|C54,partner,НАЙТИ,ca_supply_partner,DRAFTED
378,H AND M PAINTING,(818) 269 6145,VAN NUYS,LA,C33,partner,НАЙТИ,ca_supply_partner,DRAFTED
379,ARTURO'S FLOORING,(818) 694 2357,VAN NUYS,LA,C15,partner,НАЙТИ,ca_supply_partner,DRAFTED
380,C K PAINTING,(626) 899 8485,ROWLAND HEIGHTS,LA,C33,partner,НАЙТИ,ca_supply_partner,DRAFTED
381,BRIGHT TOUCH PAINTING INC,(661) 441 0091,PALMDALE,LA,C33,partner,НАЙТИ,ca_supply_partner,DRAFTED
382,D K OH HOUSE PAINTING INC,(213) 215 2875,LOS ANGELES,LA,C33,partner,НАЙТИ,ca_supply_partner,DRAFTED
383,MONROY'S TILE,(818) 691 6639,VAN NUYS,LA,C54,partner,НАЙТИ,ca_supply_partner,DRAFTED
384,O & J PAINTING CO,(714) 562 9987,LA MIRADA,LA,C33,partner,НАЙТИ,ca_supply_partner,DRAFTED
385,PACIFIC COAST TILE INSTALLATION,(714) 574 2114,LA MIRADA,LA,C54,partner,НАЙТИ,ca_supply_partner,DRAFTED
386,BRETT WREEDE,(818) 388 5485,GLENDALE,LA,C54,partner,НАЙТИ,ca_supply_partner,DRAFTED
387,ISAR PLASTERING INC,(949) 280 4894,NORWALK,LA,C35,partner,НАЙТИ,ca_supply_partner,DRAFTED
388,PRO STYLE PAINTING CO INC,(818) 632 2914,MONROVIA,LA,C33,partner,НАЙТИ,ca_supply_partner,DRAFTED
389,JP COATING,(818) 917 0633,SANTA MONICA,LA,C33,partner,НАЙТИ,ca_supply_partner,DRAFTED
390,PKS HOUSE PAINTING INC,(213) 324 5487,LOS ANGELES,LA,C33,partner,НАЙТИ,ca_supply_partner,DRAFTED
391,MT MARBLE,(818) 809 3431,NORTH HILLS,LA,C54,partner,НАЙТИ,ca_supply_partner,DRAFTED
392,SO CAL FLOOR COVERINGS INC,(562) 291 9761,NORWALK,LA,C15,partner,НАЙТИ,ca_supply_partner,DRAFTED
393,ARTIN HAMBARSUMIAN,(818) 983 7501,LOS ANGELES,LA,C15|C54,partner,НАЙТИ,ca_supply_partner,DRAFTED
394,CALI PAINTERS,(310) 498 2668,NORTH HOLLYWOOD,LA,C33,partner,НАЙТИ,ca_supply_partner,DRAFTED
395,THE GREAT CARPET COMPANY,(818) 247 2990,LOS ANGELES,LA,C15,partner,НАЙТИ,ca_supply_partner,DRAFTED
396,ED'S PAINTING,(818) 272 6006,PANORAMA CITY,LA,C33,partner,НАЙТИ,ca_supply_partner,DRAFTED
397,ECOBUILD INC,(310) 592 9101,TOPANGA,LA,B|C15,buyer_GC+partner,НАЙТИ,ca_supply_partner,DRAFTED
398,MDK FLOORING,(626) 251 3375,WEST COVINA,LA,B|C15,buyer_GC+partner,НАЙТИ,ca_supply_partner,DRAFTED
399,PAUL'S PAINTING SERVICES,(323) 503 8449,BELL GARDENS,LA,C33,partner,НАЙТИ,ca_supply_partner,DRAFTED
400,OSI DESIGN INC,(310) 769 6294,GARDENA,LA,C54,partner,НАЙТИ,ca_supply_partner,DRAFTED
401,R G TILE,(818) 681 1171,VAN NUYS,LA,C54,partner,НАЙТИ,ca_supply_partner,DRAFTED
402,PUCCIA STONE AND TILE INC,(818) 581 6030,WOODLAND HILLS,LA,C54,partner,НАЙТИ,ca_supply_partner,DRAFTED
403,J 1 HOUSE PAINTING INC,(714) 343 7546,LA MIRADA,LA,C33,partner,НАЙТИ,ca_supply_partner,DRAFTED
404,DOARMAN'S PAINTING,(818) 325 6941,WEST HILLS,LA,C33,partner,НАЙТИ,ca_supply_partner,DRAFTED
405,J & I CONSTRUCTION,(562) 485 7052,BELLFLOWER,LA,B|C33,buyer_GC+partner,НАЙТИ,ca_supply_partner,DRAFTED
406,TONY BETANCOURT,(818) 288 0254,LOS ANGELES,LA,C33,partner,НАЙТИ,ca_supply_partner,DRAFTED
407,VINSKI HARDWOOD FLOORING,(626) 893 0682,SIERRA MADRE,LA,C15,partner,НАЙТИ,ca_supply_partner,DRAFTED
408,L A PAINTING,(310) 654 7578,TORRANCE,LA,C33,partner,НАЙТИ,ca_supply_partner,DRAFTED
409,MATEO'S PAINTING,(818) 402 0281,WOODLAND HILLS,LA,C33,partner,НАЙТИ,ca_supply_partner,DRAFTED
410,VAHAN ARAKELYAN,(747) 224 9989,SUN VALLEY,LA,C33,partner,НАЙТИ,ca_supply_partner,DRAFTED
411,CUSTOM PAINTING SERVICES INC,(310) 978 5853,LOS ANGELES,LA,C33,partner,НАЙТИ,ca_supply_partner,DRAFTED
412,PETERS CONSTRUCTION A PARTNERSHIP,(323) 646 4581,SOUTH GATE,LA,B|C-8|C33,buyer_GC+partner,НАЙТИ,ca_supply_partner,DRAFTED
413,THOMAS A J CAMILLO,(310) 220 5648,SANTA MONICA,LA,C33,partner,НАЙТИ,ca_supply_partner,DRAFTED
414,STUCCO MASTER'S INC,(562) 618 9015,COMPTON,LA,C35,partner,НАЙТИ,ca_supply_partner,DRAFTED
415,KARY'S CARPETS,(562) 208 9460,LONG BEACH,LA,C15,partner,НАЙТИ,ca_supply_partner,DRAFTED
416,JS PAINTING CO,(818) 850 9382,GLENDALE,LA,C33,partner,НАЙТИ,ca_supply_partner,DRAFTED
417,STUDIO FLOORING,(310) 785 0270,LOS ANGELES,LA,C15,partner,НАЙТИ,ca_supply_partner,DRAFTED
418,MIDTOWN CARPET COMPANY,(323) 254 7732,LOS ANGELES,LA,C15,partner,НАЙТИ,ca_supply_partner,DRAFTED
419,FLOORING MASTERS INC,(323) 766 0099,LOS ANGELES,LA,C15,partner,НАЙТИ,ca_supply_partner,DRAFTED
420,COUSINS CUSTOM PAINTING INC,(866) 279 3695,BURBANK,LA,C33,partner,НАЙТИ,ca_supply_partner,DRAFTED
421,MAGNET FLOORING,(818) 263 0702,NORTH HOLLYWOOD,LA,C15,partner,НАЙТИ,ca_supply_partner,DRAFTED
422,INFINITE BUILDERS,(562) 419 1061,LONG BEACH,LA,B|C33,buyer_GC+partner,НАЙТИ,ca_supply_partner,DRAFTED
423,ALLEN DELSHAD,(818) 571 2205,LOS ANGELES,LA,B|C15,buyer_GC+partner,НАЙТИ,ca_supply_partner,DRAFTED
424,RED HILLS RENOVATIONS,(562) 243 4430,BELLFLOWER,LA,B|C33,buyer_GC+partner,НАЙТИ,ca_supply_partner,DRAFTED
425,VICTORY HARDWOOD FLOORS & CONSTRUCTION,(323) 445 1855,LOS ANGELES,LA,C15,partner,НАЙТИ,ca_supply_partner,DRAFTED
426,CALLEN FLOORING,(424) 413 5835,ARLETA,LA,C15,partner,НАЙТИ,ca_supply_partner,DRAFTED
427,FLOORING CONCEPTS INC,(818) 266 1630,CALABASAS,LA,C15,partner,НАЙТИ,ca_supply_partner,DRAFTED
428,JOEL'S CARPET SERVICE,(818) 406 0115,NORTH HILLS,LA,C15,partner,НАЙТИ,ca_supply_partner,DRAFTED
429,GEORGE'S CONSTRUCTION COMPANY INC,(818) 425 8379,VAN NUYS,LA,B|C33|D49,buyer_GC+partner,НАЙТИ,ca_supply_partner,DRAFTED
430,CERTAPRO PAINTERS OF THOUSAND OAKS,(818) 389 9607,GRANADA HILLS,LA,C33,partner,НАЙТИ,ca_supply_partner,DRAFTED
431,FORZA PAINTING INC,(310) 765 1933,HAWTHORNE,LA,C33|D38,partner,НАЙТИ,ca_supply_partner,DRAFTED
432,WHITE TECH PAINTING INC,(213) 700 6205,LOS ANGELES,LA,B|C33,buyer_GC+partner,НАЙТИ,ca_supply_partner,DRAFTED
433,CARDINAL PAINTING,(818) 675 8787,NORTHRIDGE,LA,B|C-5|C33|C54,buyer_GC+partner,НАЙТИ,ca_supply_partner,DRAFTED
434,A1 CARPET MARKET,(818) 905 0500,ENCINO,LA,C15,partner,НАЙТИ,ca_supply_partner,DRAFTED
435,SOUTHWEST FLOORING INC,(818) 730 5877,VAN NUYS,LA,C15,partner,НАЙТИ,ca_supply_partner,DRAFTED
436,UNIVERSAL L P CORP,(661) 729 3903,LANCASTER,LA,C35,partner,НАЙТИ,ca_supply_partner,DRAFTED
437,APEGA PAINTING,(818) 618 3303,SUN VALLEY,LA,C33,partner,НАЙТИ,ca_supply_partner,DRAFTED
438,CERTPRO PAINTERS OF SANTA MONICA,(818) 592 6244,SANTA MONICA,LA,C33,partner,НАЙТИ,ca_supply_partner,DRAFTED
439,AAA PAINTING,(909) 374 5367,ROWLAND HEIGHTS,LA,C33,partner,НАЙТИ,ca_supply_partner,DRAFTED
440,RAMON GONZALEZ,(310) 291 8212,INGLEWOOD,LA,C15,partner,НАЙТИ,ca_supply_partner,DRAFTED
441,HEE JOON YANG,(213) 507 2081,LOS ANGELES,LA,C33,partner,НАЙТИ,ca_supply_partner,DRAFTED
442,CARPET MARKET,(818) 764 4641,N HOLLYWOOD,LA,C15,partner,НАЙТИ,ca_supply_partner,DRAFTED
443,A & G PLASTERING INC,(310) 686 5715,INGLEWOOD,LA,B|C35,buyer_GC+partner,НАЙТИ,ca_supply_partner,DRAFTED
444,SPAIN PAINTING COMPANY,(661) 547 2974,LANCASTER,LA,C33,partner,НАЙТИ,ca_supply_partner,DRAFTED
445,UNDERGROUND PAINTING,(818) 392 0344,NORTH HOLLYWOOD,LA,C33,partner,НАЙТИ,ca_supply_partner,DRAFTED
446,GOOD TREE CONSTRUCTION INC,(310) 720 7023,GARDENA,LA,B|C33,buyer_GC+partner,НАЙТИ,ca_supply_partner,DRAFTED
447,FRANZ MARCO,(626) 616 9011,HACIENDA HEIGHTS,LA,C15,partner,НАЙТИ,ca_supply_partner,DRAFTED
448,HIGAREDA PLASTERING INC,(818) 212 5935,SYLMAR,LA,C35,partner,НАЙТИ,ca_supply_partner,DRAFTED
449,SPARK PAINTING INC DBA SPARK CONSTRUCTION,(213) 610 3002,LOMITA,LA,B|C33,buyer_GC+partner,НАЙТИ,ca_supply_partner,DRAFTED
450,FLUX CONSTRUCTION,(310) 346 7091,LOS ANGELES,LA,B|C15,buyer_GC+partner,НАЙТИ,ca_supply_partner,DRAFTED
451,PANTHER PAINTING INC,(310) 210 5597,TORRANCE,LA,C33,partner,НАЙТИ,ca_supply_partner,DRAFTED
452,BLUE COAST PAINTING INC,(714) 713 2799,LAKEWOOD,LA,C33,partner,НАЙТИ,ca_supply_partner,DRAFTED
453,AFFINITY BUILDING SOLUTIONS,(626) 336 8886,LA PUENTE,LA,B|C33|D06,buyer_GC+partner,НАЙТИ,ca_supply_partner,DRAFTED
454,KALEIDO PAINTING INC,(626) 622 7297,LA PUENTE,LA,C33,partner,НАЙТИ,ca_supply_partner,DRAFTED
455,DIAMOND FLOORING,(323) 200 3628,CUDAHY,LA,B|C15,buyer_GC+partner,НАЙТИ,ca_supply_partner,DRAFTED
456,LIVING COLOR PAINTING & CONSTRUCTION,(818) 671 8775,WEST HILLS,LA,B|C33|C36,buyer_GC+partner,НАЙТИ,ca_supply_partner,DRAFTED
457,DR ROOFS,(818) 914 4279,CALABASAS,LA,B|C33|C39,buyer_GC+partner,НАЙТИ,ca_supply_partner,DRAFTED
458,I A PLASTERING,(323) 275 7117,SOUTH GATE,LA,C35,partner,НАЙТИ,ca_supply_partner,DRAFTED
459,A-1 CUSTOM STONE AND TILE,(562) 755 6167,WHITTIER,LA,C54,partner,НАЙТИ,ca_supply_partner,DRAFTED
460,KING PLASTERING CORPORATION DBA BUILT 4 LA,(818) 378 0889,SUNLAND,LA,B|C35,buyer_GC+partner,НАЙТИ,ca_supply_partner,DRAFTED
461,A & E CONSTRUCTION & PAINTING INC,(818) 968 8561,VAN NUYS,LA,B|C27|C33|C53|D49,buyer_GC+partner,НАЙТИ,ca_supply_partner,DRAFTED
462,GEO'S PAINTING INC,(818) 287 8747,TARZANA,LA,C33|D64,partner,НАЙТИ,ca_supply_partner,DRAFTED
463,CARPET KING,(626) 820 0550,ALHAMBRA,LA,C15,partner,НАЙТИ,ca_supply_partner,DRAFTED
464,PORTRAIT PERFECT PAINTING,(661) 585 8703,LANCASTER,LA,C33,partner,НАЙТИ,ca_supply_partner,DRAFTED
465,GIANT PAINTING,(818) 916 9845,PACOIMA,LA,C33,partner,НАЙТИ,ca_supply_partner,DRAFTED
466,BEN POCK CONSTRUCTION,(818) 489 3721,GLENDALE,LA,B|C33,buyer_GC+partner,НАЙТИ,ca_supply_partner,DRAFTED
467,ALBERT GONZALEZ,(818) 968 1524,SYLMAR,LA,C35,partner,НАЙТИ,ca_supply_partner,DRAFTED
468,ANDRADE PRO FLOORING INC,(562) 392 5064,SANTA FE SPRINGS,LA,C15,partner,НАЙТИ,ca_supply_partner,DRAFTED
469,PREMIER PAINTING,(562) 587 5488,AZUSA,LA,C33,partner,НАЙТИ,ca_supply_partner,DRAFTED
470,CRUZ BUILDERS INC,(818) 458 4053,CANOGA PARK,LA,B|C33|C36,buyer_GC+partner,НАЙТИ,ca_supply_partner,DRAFTED
471,TILE SMITH,(310) 995 2989,LOMITA,LA,C54,partner,НАЙТИ,ca_supply_partner,DRAFTED
472,JOSEPH PAINTING,(818) 648 0125,CANOGA PARK,LA,C33,partner,НАЙТИ,ca_supply_partner,DRAFTED
473,RYAN TILE,(541) 678 3602,CLAREMONT,LA,C54,partner,НАЙТИ,ca_supply_partner,DRAFTED
474,J MARTIN TILE INC,(818) 961 4491,LITTLEROCK,LA,C54,partner,НАЙТИ,ca_supply_partner,DRAFTED
475,GIOVANNI'S PAINTING INC,(323) 810 8765,NORTH HILLS,LA,C33,partner,НАЙТИ,ca_supply_partner,DRAFTED
476,JNJ PAINTING,(626) 407 5716,AZUSA,LA,C33,partner,НАЙТИ,ca_supply_partner,DRAFTED
477,TINO PAINTING INC,(626) 890 3018,LA PUENTE,LA,C33,partner,НАЙТИ,ca_supply_partner,DRAFTED
478,HERBIE'S HARDWOOD FLOORS,(818) 264 6337,WEST HILLS,LA,C15,partner,НАЙТИ,ca_supply_partner,DRAFTED
479,GOT TILE ?,(661) 434 3974,ACTON,LA,C54,partner,НАЙТИ,ca_supply_partner,DRAFTED
480,TGI PAINTED LLC,(661) 670 7222,SANTA CLARITA,LA,C33,partner,НАЙТИ,ca_supply_partner,DRAFTED
481,ISAAC WILLIAMSON,(310) 872 0857,GLENDALE,LA,C33,partner,НАЙТИ,ca_supply_partner,DRAFTED
482,R C RESENDIZ PAINTER,(310) 617 6719,PARAMOUNT,LA,C33,partner,НАЙТИ,ca_supply_partner,DRAFTED
483,SOLID COLORS PAINTING,(310) 482 8261,INGLEWOOD,LA,C33,partner,НАЙТИ,ca_supply_partner,DRAFTED
484,FUHRMANN FLOORS INC,(818) 886 3198,LYNWOOD,LA,C15,partner,НАЙТИ,ca_supply_partner,DRAFTED
485,LUNADA HARDWOOD FLOORS,(310) 994 8202,HARBOR CITY,LA,C15,partner,НАЙТИ,ca_supply_partner,DRAFTED
486,ES ELECTRICAL & FLOORING INC,(818) 749 8683,VAN NUYS,LA,C10|C15,partner,НАЙТИ,ca_supply_partner,DRAFTED
487,2 M'S PAINTING,(818) 645 6453,PALMDALE,LA,B|C33,buyer_GC+partner,НАЙТИ,ca_supply_partner,DRAFTED
488,FELIX PAINTING CO,(818) 631 8393,WOODLAND HILLS,LA,C33,partner,НАЙТИ,ca_supply_partner,DRAFTED
489,RUDY'S PLASTERING INC,(562) 409 4445,LAKEWOOD,LA,C35,partner,НАЙТИ,ca_supply_partner,DRAFTED
490,MOJICAS PAINTING,(818) 581 8543,VAN NUYS,LA,B|C33,buyer_GC+partner,НАЙТИ,ca_supply_partner,DRAFTED
491,MISAEL ALBERTO FUENTES,(310) 857 0750,PALMDALE,LA,C33,partner,НАЙТИ,ca_supply_partner,DRAFTED
492,UPTOWN FLOORING AND DESIGN INC,(562) 945 4407,WHITTIER,LA,B|C15,buyer_GC+partner,НАЙТИ,ca_supply_partner,DRAFTED
493,NICKS PAINTING INC,(818) 357 0212,RESEDA,LA,B|C-9|C33,buyer_GC+partner,НАЙТИ,ca_supply_partner,DRAFTED
494,D - LUX FLOORS INC,(310) 344 3787,LAWNDALE,LA,C15,partner,НАЙТИ,ca_supply_partner,DRAFTED
495,JOSE PINEDA,(562) 743 9289,LONG BEACH,LA,C33,partner,НАЙТИ,ca_supply_partner,DRAFTED
496,MANRIQUE'S HARDWOOD FLOORS INC,(310) 427 4277,HARBOR CITY,LA,C15,partner,НАЙТИ,ca_supply_partner,DRAFTED
497,B G PAINTING,(818) 231 9983,SHERMAN OAKS,LA,C33,partner,НАЙТИ,ca_supply_partner,DRAFTED
498,DHA CONSTRUCTION INC,(626) 786 4347,GLENDALE,LA,B|C10|C33,buyer_GC+partner,НАЙТИ,ca_supply_partner,DRAFTED
499,ROYAL ARTS PAINTING,(818) 521 1325,VAN NUYS,LA,C33,partner,НАЙТИ,ca_supply_partner,DRAFTED
500,ROOFING SYSTEMS INCORPORATED,(818) 441 4478,PANORAMA CITY,LA,C33|C39,partner,НАЙТИ,ca_supply_partner,DRAFTED
501,MICRO CHEM COATING,(818) 639 0452,VALENCIA,LA,B|C33,buyer_GC+partner,НАЙТИ,ca_supply_partner,DRAFTED
502,J C PAINTING,(213) 255 8792,LOS ANGELES,LA,C33,partner,НАЙТИ,ca_supply_partner,DRAFTED
503,GLAMOUR HOME REMODELING,(818) 300 3175,CALABASAS,LA,B|C-9|C33|C36,buyer_GC+partner,НАЙТИ,ca_supply_partner,DRAFTED
504,L M FLOORING,(323) 855 5730,LOS ANGELES,LA,C15,partner,НАЙТИ,ca_supply_partner,DRAFTED
505,COLOR VISION PAINTING,(323) 212 7518,COMPTON,LA,C33,partner,НАЙТИ,ca_supply_partner,DRAFTED
506,C H L PAINTING,(818) 284 0784,LOS ANGELES,LA,B|C33,buyer_GC+partner,НАЙТИ,ca_supply_partner,DRAFTED
507,YOUNG JO KIM,(818) 458 1522,GRANADA HILLS,LA,C33,partner,НАЙТИ,ca_supply_partner,DRAFTED
508,MOORE PAINTING AND COATINGS,(661) 312 7092,SANTA CLARITA,LA,C33,partner,НАЙТИ,ca_supply_partner,DRAFTED
509,HHJ CONSTRUCTION INC,(323) 696 9979,LAWNDALE,LA,A|B|C10|C20|C33|C36|C39,buyer_GC+partner,НАЙТИ,ca_supply_partner,DRAFTED
510,E D N PAINTING INC,(323) 807 9427,LOS ANGELES,LA,B|C33,buyer_GC+partner,НАЙТИ,ca_supply_partner,DRAFTED
511,C J V TILE +,(562) 896 2459,WHITTIER,LA,C54,partner,НАЙТИ,ca_supply_partner,DRAFTED
512,FRIENDS PAINTING INC,(818) 357 3593,SYLMAR,LA,C33,partner,НАЙТИ,ca_supply_partner,DRAFTED
513,A TO Z CARPET,(323) 394 2274,CUDAHY,LA,C15,partner,НАЙТИ,ca_supply_partner,DRAFTED
514,HIGHLAND PAINTING INC,(213) 505 0740,NORTHRIDGE,LA,C33,partner,НАЙТИ,ca_supply_partner,DRAFTED
515,MENJIVAR MARBLE AND GRANITE,(818) 826 6703,VAN NUYS,LA,C54,partner,НАЙТИ,ca_supply_partner,DRAFTED
516,MAURO BRISENO,(818) 523 5995,INGLEWOOD,LA,C33,partner,НАЙТИ,ca_supply_partner,DRAFTED
517,CORA'S PAINTING,(323) 702 7793,BALDWIN PARK,LA,C33,partner,НАЙТИ,ca_supply_partner,DRAFTED
518,PERFECT ELECTRIC INC,(818) 785 0900,STUDIO CITY,LA,B|C10|C16|C36|C54,buyer_GC+partner,НАЙТИ,ca_supply_partner,DRAFTED
519,ALL AMERICAN PAINTING,(626) 733 5172,GLENDORA,LA,C33,partner,НАЙТИ,ca_supply_partner,DRAFTED
520,EIN WOOD FLOORS,(310) 936 4315,LOS ANGELES,LA,C15,partner,НАЙТИ,ca_supply_partner,DRAFTED
521,COLIBRI PAINTING AND WALL FINISHES,(415) 539 7371,LOS ANGELES,LA,C33,partner,НАЙТИ,ca_supply_partner,DRAFTED
522,A C N TILE DESIGN,(818) 383 3348,RESEDA,LA,C54,partner,НАЙТИ,ca_supply_partner,DRAFTED
523,HIGH PERFORMANCE COATINGS,(323) 613 0457,LOS ANGELES,LA,C33,partner,НАЙТИ,ca_supply_partner,DRAFTED
524,VIVIDUS PAINTING INC,(213) 219 9426,VALLEY VILLAGE,LA,C33|D12,partner,НАЙТИ,ca_supply_partner,DRAFTED
525,AMB FLOOR DESIGN,(949) 236 0536,BALDWIN HILLS,LA,B|C15,buyer_GC+partner,НАЙТИ,ca_supply_partner,DRAFTED
526,STONE APPLICATIONS INC,(818) 612 8860,ENCINO,LA,C54,partner,НАЙТИ,ca_supply_partner,DRAFTED
527,S C G PAINTING & DECORATING,(818) 416 5820,NORTH HOLLYWOOD,LA,C33,partner,НАЙТИ,ca_supply_partner,DRAFTED
528,STORM PLASTERING INC,(626) 234 1004,PASADENA,LA,C35|D39,partner,НАЙТИ,ca_supply_partner,DRAFTED
529,EDESH ENTERPRISE INC DBA EDESH CONSTRUCTION,(562) 298 2006,DIAMOND BAR,LA,B|C10|C15,buyer_GC+partner,НАЙТИ,ca_supply_partner,DRAFTED
530,HOLLYWOOD CARPET INC,(310) 537 6261,COMPTON,LA,C15,partner,НАЙТИ,ca_supply_partner,DRAFTED
531,SECURED ROOFING CORPORATION,(818) 256 5338,MISSION HILLS,LA,C33|C39|C43,partner,НАЙТИ,ca_supply_partner,DRAFTED
532,A B C HARDWOOD FLOORING,(818) 939 9700,NORTHRIDGE,LA,C15,partner,НАЙТИ,ca_supply_partner,DRAFTED
533,ALL BRANDS PAINTING INC,(818) 279 4740,CANYON COUNTRY,LA,B-2|C33,partner,НАЙТИ,ca_supply_partner,DRAFTED
534,ARAM SOLIMANI INC,(818) 402 9144,WEST HILLS,LA,C33,partner,НАЙТИ,ca_supply_partner,DRAFTED
535,ACCURATE PAINTING COMPANY INC,(909) 964 0751,SAN DIMAS,LA,C33,partner,НАЙТИ,ca_supply_partner,DRAFTED
536,DAVID A ESCOTO,(909) 593 4121,LA VERNE,LA,C54,partner,НАЙТИ,ca_supply_partner,DRAFTED
537,COLOR MASTERS,(562) 304 4143,LONG BEACH,LA,C33,partner,НАЙТИ,ca_supply_partner,DRAFTED
538,A TO Z PAINTING INC,(323) 479 5202,LOS ANGELES,LA,C33,partner,НАЙТИ,ca_supply_partner,DRAFTED
539,JHA PAINTING LLC,(818) 693 9387,LYNWOOD,LA,C33,partner,НАЙТИ,ca_supply_partner,DRAFTED
540,NORTHSIDE PAINT RENOVATIONS,(909) 917 6489,GLENDORA,LA,C33,partner,НАЙТИ,ca_supply_partner,DRAFTED
541,JJ MARTIN INC,(818) 634 4690,VAN NUYS,LA,C33,partner,НАЙТИ,ca_supply_partner,DRAFTED
542,R&R HOSPITALITY GROUP INC,(866) 572 0552,TARZANA,LA,C33,partner,НАЙТИ,ca_supply_partner,DRAFTED
543,SKY JTC CORPORATION,(213) 674 7334,LOS ANGELES,LA,ASB|B|C33,buyer_GC+partner,НАЙТИ,ca_supply_partner,DRAFTED
544,TWO GENERATIONS CUSTOM STAINING AND PAINTING,(818) 648 8383,RESEDA,LA,C33,partner,НАЙТИ,ca_supply_partner,DRAFTED
545,BEST QUALITY PAINTING AND DECORATING,(323) 690 5778,LOS ANGELES,LA,C33,partner,НАЙТИ,ca_supply_partner,DRAFTED
546,M & M CUSTOM FLOORS INC,(818) 842 6264,BURBANK,LA,C15,partner,НАЙТИ,ca_supply_partner,DRAFTED
547,N G FLOORING A PARTNERSHIP,(818) 284 7139,LANCASTER,LA,C15,partner,НАЙТИ,ca_supply_partner,DRAFTED
548,CERVANTES FLOORING,(323) 270 9023,LOS ANGELES,LA,C15,partner,НАЙТИ,ca_supply_partner,DRAFTED
549,SOUTH PAINTING INC,(949) 325 5269,WEST COVINA,LA,C33,partner,НАЙТИ,ca_supply_partner,DRAFTED
550,JL FLOOR COVERING INC,(818) 521 3062,VAN NUYS,LA,C15,partner,НАЙТИ,ca_supply_partner,DRAFTED
551,661 TILE & STONE INC,(661) 406 4408,ACTON,LA,C54,partner,НАЙТИ,ca_supply_partner,DRAFTED
552,BRIGHTVIEW PAINTING COMPANY,(626) 655 6965,POMONA,LA,C33,partner,НАЙТИ,ca_supply_partner,DRAFTED
553,J A S CONSTRUCTION & PAINTING,(323) 533 3372,HUNTINGTON PARK,LA,B|C33,buyer_GC+partner,НАЙТИ,ca_supply_partner,DRAFTED
554,BCONSTRUCTED,(305) 890 2543,WEST LOS ANGELES,LA,B|C33,buyer_GC+partner,НАЙТИ,ca_supply_partner,DRAFTED
555,J D HARDWOOD FLOORING,(818) 326 4241,WINNETKA,LA,C15,partner,НАЙТИ,ca_supply_partner,DRAFTED
556,F C C V PAINTING,(562) 715 5613,DOWNEY,LA,C33,partner,НАЙТИ,ca_supply_partner,DRAFTED
557,GALLARDO'S FLOORING,(818) 808 7402,PALMDALE,LA,C15,partner,НАЙТИ,ca_supply_partner,DRAFTED
558,SHAMROCK PAINTING,(626) 474 7507,LA PUENTE,LA,C33,partner,НАЙТИ,ca_supply_partner,DRAFTED
559,PRODESIGN KITCHEN & BATH,(714) 610 7070,PASADENA,LA,B|C-6|C54,buyer_GC+partner,НАЙТИ,ca_supply_partner,DRAFTED
560,LUPE PLASTERING LLC,(661) 860 6633,PALMDALE,LA,C35,partner,НАЙТИ,ca_supply_partner,DRAFTED
561,WORLD GRANITE & MARBLE,(818) 445 1703,ARLETA,LA,C54,partner,НАЙТИ,ca_supply_partner,DRAFTED
562,WEST PAINTERS INC,(310) 739 0732,SUN VALLEY,LA,C33,partner,НАЙТИ,ca_supply_partner,DRAFTED
563,FLAWLESS PAINTING AND DECORATING,(323) 561 2641,LOS ANGELES,LA,C33,partner,НАЙТИ,ca_supply_partner,DRAFTED
564,ALANIS WOOD FLOORS INC,(323) 708 0133,LOS ANGELES,LA,C15,partner,НАЙТИ,ca_supply_partner,DRAFTED
565,MARCY SECHARIA,(818) 888 8554,WOODLAND HILLS,LA,C35,partner,НАЙТИ,ca_supply_partner,DRAFTED
566,RC BUILDING GROUP CO,(424) 702 8588,EL MONTE,LA,B|C33,buyer_GC+partner,НАЙТИ,ca_supply_partner,DRAFTED
567,VICTOR RIOS FLOORING & CONSTRUCTION LLC,(323) 351 9605,DOWNEY,LA,B|C15|C54,buyer_GC+partner,НАЙТИ,ca_supply_partner,DRAFTED
568,MAGIC PAINT PROS INC,(818) 415 9302,NORTH HOLLYWOOD,LA,C33,partner,НАЙТИ,ca_supply_partner,DRAFTED
569,THE SHINE STONE TILE INC,(562) 464 5460,WHITTIER,LA,C54,partner,НАЙТИ,ca_supply_partner,DRAFTED
570,ADRIAN'S PAINTING,(661) 264 7937,PALMDALE,LA,C33,partner,НАЙТИ,ca_supply_partner,DRAFTED
571,MARIO FERNANDEZ,(818) 384 4651,HARBOR CITY,LA,C15,partner,НАЙТИ,ca_supply_partner,DRAFTED
572,MARK BENNETT PAINTING,(818) 277 7433,NORTHRIDGE,LA,C33,partner,НАЙТИ,ca_supply_partner,DRAFTED
573,J B PAINTING U S A INC,(661) 349 2352,NEWHALL,LA,C33,partner,НАЙТИ,ca_supply_partner,DRAFTED
574,RESILIENT PAINTING,(714) 574 1141,DOWNEY,LA,C33,partner,НАЙТИ,ca_supply_partner,DRAFTED
575,AR TILE,(661) 718 6024,QUARTZ HILL,LA,C15|C54,partner,НАЙТИ,ca_supply_partner,DRAFTED
576,F R H PAINTING SERVICES,(626) 429 4489,COVINA,LA,C33,partner,НАЙТИ,ca_supply_partner,DRAFTED
577,I M PAINTING,(818) 687 3015,PANORAMA CITY,LA,C33,partner,НАЙТИ,ca_supply_partner,DRAFTED
578,ONE WAY PAINT & DESIGN,(310) 499 3354,EL SEGUNDO,LA,C33,partner,НАЙТИ,ca_supply_partner,DRAFTED
579,MADERA CONTRACT FLOORING,(916) 619 7253,SANTA CLARITA,LA,C15,partner,НАЙТИ,ca_supply_partner,DRAFTED
580,MISSION PLASTERING & STUCCO INC,(310) 529 7142,GRANADA HILLS,LA,C35,partner,НАЙТИ,ca_supply_partner,DRAFTED
581,BLASTING & COATINGS ENTERPRISES INC,(661) 510 8025,CANYON COUNTRY,LA,B|C33|D12,buyer_GC+partner,НАЙТИ,ca_supply_partner,DRAFTED
582,TRIPLE A FLOORING INC,(562) 696 0808,WHITTIER,LA,C15,partner,НАЙТИ,ca_supply_partner,DRAFTED
583,C Z FINISHES INC,(818) 399 0601,SYLMAR,LA,C33,partner,НАЙТИ,ca_supply_partner,DRAFTED
584,J B PAINTING,(818) 917 8788,RESEDA,LA,B|C-9|C33|D12,buyer_GC+partner,НАЙТИ,ca_supply_partner,DRAFTED
585,TORREON FLOORING,(562) 313 6037,WHITTIER,LA,C15,partner,НАЙТИ,ca_supply_partner,DRAFTED
586,ROD'S GENERAL BUILDER'S INC,(408) 917 9735,QUARTZ HILL,LA,B|C54,buyer_GC+partner,НАЙТИ,ca_supply_partner,DRAFTED
587,CORNERSTONE PAINTING COMPANY,(310) 516 1812,HARBOR CITY,LA,C33,partner,НАЙТИ,ca_supply_partner,DRAFTED
588,ULTRA GREEN PAINTING UGP INC,(626) 261 2965,LA PUENTE,LA,C33,partner,НАЙТИ,ca_supply_partner,DRAFTED
589,ANDY'S PAINTING CO,(909) 618 8371,POMONA,LA,C33,partner,НАЙТИ,ca_supply_partner,DRAFTED
590,QUALITY WOOD FINISHING,(818) 935 7988,SOUTH PASADENA,LA,B|C33,buyer_GC+partner,НАЙТИ,ca_supply_partner,DRAFTED
591,ALTAY FLOOR COVERING SOLUTIONS INC,(650) 430 3781,WALNUT,LA,C15,partner,НАЙТИ,ca_supply_partner,DRAFTED
592,SYNERGY FINISHES INC,(818) 793 9072,VAN NUYS,LA,C33|D06,partner,НАЙТИ,ca_supply_partner,DRAFTED
593,ESTEBAN'S PAINTING INC,(323) 405 2688,LOS ANGELES,LA,C33,partner,НАЙТИ,ca_supply_partner,DRAFTED
594,EVERGREEN CONSTRUCTION SERVICES,(310) 953 5577,REDONDO BEACH,LA,B|C33,buyer_GC+partner,НАЙТИ,ca_supply_partner,DRAFTED
595,MANROSE Q & FLOORING INC,(562) 980 2401,LAKEWOOD,LA,C15,partner,НАЙТИ,ca_supply_partner,DRAFTED
596,JOSEPH MATTINGLY,(310) 626 5952,LONG BEACH,LA,C33,partner,НАЙТИ,ca_supply_partner,DRAFTED
597,JOSE ROBERTO LOPEZ,(310) 678 3269,INGLEWOOD,LA,C15,partner,НАЙТИ,ca_supply_partner,DRAFTED
598,JAMES RO & ASSOCIATES INC,(714) 401 5809,WALNUT,LA,C33,partner,НАЙТИ,ca_supply_partner,DRAFTED
599,BRIO PAINTING AND WALLCOVERING,(562) 650 9816,NORWALK,LA,C33,partner,НАЙТИ,ca_supply_partner,DRAFTED
600,GMS FLOORING INC,(661) 974 9137,PANORAMA CITY,LA,C15|C54,partner,НАЙТИ,ca_supply_partner,DRAFTED
