date,email,contractor,subject
2026-08-17,info@fisherdesign.build,FISHER DESIGN & BUILD INC,Material supply & partnership — ISP Group (Bay Area finishing)
2026-08-17,info@peninsulaconstructionco.com,PENINSULA CONSTRUCTION COMPANY INC,Material supply & partnership — ISP Group (Bay Area finishing)
2026-08-17,info@garcalconstruction.com,GAR-CAL CORPORATION,Material supply & partnership — ISP Group (Bay Area finishing)
2026-08-17,manny@keystonehomeimprovementsinc.com,KEYSTONE HOME IMPROVEMENTS INC,Material supply & partnership — ISP Group (Bay Area finishing)
2026-08-17,office@integritypaintandgc.com,INTEGRITY PAINT AND DESIGN,Material supply & partnership — ISP Group (Bay Area finishing)
2026-08-17,office@361construction.com,361 CONSTRUCTION INC,Material supply & partnership — ISP Group (Bay Area finishing)
2026-08-17,info@raycomail.com,RAYCO PAINTING & CONSTRUCTION INC,Material supply & partnership — ISP Group (Bay Area finishing)
2026-08-17,admin@detailds.com,DETAIL DRYWALL & STUCCO INC,Material supply & partnership — ISP Group (Bay Area finishing)
2026-08-17,info@redlogsf.com,REDLOG FLOORING SERVICES CORPORATION,Material supply & partnership — ISP Group (Bay Area finishing)
2026-08-17,rost_ki@icloud.com,COASTAL TILE & CONSTRUCTION INC,Material supply & partnership — ISP Group (Bay Area finishing)
