#,наименование,ед,кол-во,цена за ед,сумма
1,Лопата совковая без черенка,шт,1.0,348.0,348.0
2,Лопата совковая деревянный черенок,шт,1.0,441.46,441.46
3,Лопата совковая металлический черенок,шт,1.0,838.38,838.38
4,Лопата траншейная с деревянным черенком,шт,1.0,1457.77,1457.77
5,Лопата траншейная с металлическим черенком,шт,1.0,1371.43,1371.43
6,Лопата штыковая без черенка,шт,1.0,243.86,243.86
7,Лопата штыковая с деревянным черенком,шт,1.0,666.17,666.17
8,Лопата штыковая с металлическим черенком,шт,1.0,1093.86,1093.86
9,Пластиковая лопата для уборки снега с черенком,шт,1.0,865.04,865.04
10,Стальная лопата для уборки снега с черенком,шт,1.0,1106.33,1106.33
11,Черенок березовый для валиков ф25мм,шт,1.0,90.34,90.34
12,Черенок березовый для лопаты ф40мм,шт,1.0,96.77,96.77
13,Итого:,,,,8619.41
14,"Начальная (максимальная) цена договора без НДС, руб.",,3066528.07,,
