date,email,company,subject
2026-08-19,customers@miamimanagement.com,Miami Management,Recurring janitorial & pressure washing — Miami Management properties (South Florida)
2026-08-19,info@allenmorris.com,Allen Morris Company,Recurring janitorial & pressure washing — Allen Morris Company properties (South Florida)
2026-08-19,info@sharpeproperties.com,Sharpe Properties,Recurring janitorial & pressure washing — Sharpe Properties properties (South Florida)
2026-08-19,contactus@cadisainc.com,Cadisa,Recurring janitorial & pressure washing — Cadisa properties (South Florida)
2026-08-19,susy.fernandez@gicassetmanagement.com,GIC Asset Management,Recurring janitorial & pressure washing — GIC Asset Management properties (South Florida)
2026-08-19,mike@cdamiami.com,Ideal Shopping Center Management,Recurring janitorial & pressure washing — Ideal Shopping Center Management properties (South Florida)
2026-08-19,info@miamicommercialpropertymanagement.com,Miami Commercial Property Management,Recurring janitorial & pressure washing — Miami Commercial Property Management properties (South Florida)
2026-08-19,info@jmkpropertymanagement.com,JMK Property Management,Recurring janitorial & pressure washing — JMK Property Management properties (South Florida)
2026-08-19,Adrienne.zalkind@stiles.com,Stiles Property Management,Recurring janitorial & pressure washing — Stiles Property Management properties (South Florida)
2026-08-19,contact@campbellproperty.com,Campbell Property Management,Recurring janitorial & pressure washing — Campbell Property Management properties (South Florida)
2026-08-19,support@fusionpmg.com,Fusion AMG,Recurring janitorial & pressure washing — Fusion AMG properties (South Florida)
2026-08-19,oded.abravanel@marquishoa.com,Marquis Association Management,Recurring janitorial & pressure washing — Marquis Association Management properties (South Florida)
2026-08-19,info@aspmg.com,Aspmg,Recurring janitorial & pressure washing — Aspmg properties (South Florida)
2026-08-19,hello@myardent.com,Ardent Residential,Recurring janitorial & pressure washing — Ardent Residential properties (South Florida)
2026-08-20,info@unitedpropertymgt.com,United Property Management,Recurring janitorial & pressure washing — United Property Management properties (South Florida)
2026-08-20,info@managementmiami.com,Property Management Miami,Recurring janitorial & pressure washing — Property Management Miami properties (South Florida)
2026-08-20,info@tridentfl.com,Trident Management,Recurring janitorial & pressure washing — Trident Management properties (South Florida)
2026-08-20,ralph.rios@cpmmiami.com,Courtesy Property Management,Recurring janitorial & pressure washing — Courtesy Property Management properties (South Florida)
2026-08-20,eric@pointe.group,Pointe Management Group,Recurring janitorial & pressure washing — Pointe Management Group properties (South Florida)
2026-08-20,office@coralcondos.com,Coral Condo Management,Recurring janitorial & pressure washing — Coral Condo Management properties (South Florida)
2026-08-20,gpm@grantmgmt.com,Grant Property Management,Recurring janitorial & pressure washing — Grant Property Management properties (South Florida)
2026-08-20,management@floridapropertyrealty.com,Florida Property Management & Sales,Recurring janitorial & pressure washing — Florida Property Management & Sales properties (South Florida)
2026-08-20,info@superiormgmt.net,Superior Association Management,Recurring janitorial & pressure washing — Superior Association Management properties (South Florida)
2026-08-20,info@hawkeyefla.com,Hawk-eye Management,Recurring janitorial & pressure washing — Hawk-eye Management properties (South Florida)
2026-08-20,info@managedbyaffinity.com,Affinity Management Services,Recurring janitorial & pressure washing — Affinity Management Services properties (South Florida)
2026-08-20,info@ipmsmiami.com,Innovative Property Management Services,Recurring janitorial & pressure washing — Innovative Property Management Services properties (South Florida)
2026-08-20,info@unlimitedpm.com,Unlimited Property Management,Recurring janitorial & pressure washing — Unlimited Property Management properties (South Florida)
2026-08-20,residentservices@grsmgt.com,GRS Community Management,Recurring janitorial & pressure washing — GRS Community Management properties (South Florida)
